2018-2019 NBA Player Stats | NBAstuffer,,,,,,,,,,,,,,,,,,,,,,,,,,,,
RANK,FULL NAME,TEAM,POS,AGE,GP,MPG,MIN%Minutes PercentagePercentage of team minutes used by a player while he was on the floor,"USG%Usage RateUsage rate, a.k.a., usage percentage is an estimate of the percentage of team plays used by a player while he was on the floor",Tor%Turnover RateA metric that estimates the number of turnovers a player commits per 100 possessions,FTA,FT%,2PA,2P%,3PA,3P%,"eFG%Effective Shooting PercentageWith eFG%, three-point shots made are worth 50% more than two-point shots made. eFG% Formula=(FGM+ (0.5 x 3PM))/FGA","TS%True Shooting PercentageTrue shooting percentage is a measure of shooting efficiency that takes into account field goals, 3-point field goals, and free throws.",PPGPointsPoints per game.,RPGReboundsRebounds per game.,TRB%Total Rebound PercentageTotal rebound percentage is estimated percentage of available rebounds grabbed by the player while the player is on the court.,APGAssistsAssists per game.,AST%Assist PercentageAssist percentage is an estimated percentage of teammate field goals a player assisted while the player is on the court,SPGStealsSteals per game.,BPGBlocksBlocks per game.,TOPGTurnoversTurnovers per game.,"VIVersatility IndexVersatility index is a metric that measures a player’s ability to produce in points, assists, and rebounds. The average player will score around a five on the index, while top players score above 10",ORTGOffensive RatingIndividual offensive rating is the number of points produced by a player per 100 total individual possessions.,DRTGDefensive RatingIndividual defensive rating estimates how many points the player allowed per 100 possessions he individually faced while staying on the court.
,Alex Abrines,Okc,G,25.67,31,19,39.5,12.2,7.9,13,0.923,30,0.5,127,0.323,0.487,0.507,5.3,1.5,4.2,0.6,4.4,0.55,0.19,0.45,3.5,102.9,103.8
,Quincy Acy,Pho,F,28.49,10,12.3,25.6,9.2,15.2,10,0.7,3,0.667,15,0.133,0.278,0.379,1.7,2.5,11.3,0.8,8.2,0.1,0.4,0.4,4.9,87.1,98.1
,Jaylen Adams,Atl,G,22.91,29,11.5,24.1,13.2,19.4,8,0.75,20,0.4,64,0.359,0.506,0.52,3.1,1.7,7.6,1.7,19.7,0.21,0.14,0.72,7.2,105.6,107.9
,Steven Adams,Okc,C,25.7,75,33.8,70.4,16.4,12.8,277,0.509,766,0.601,2,0,0.599,0.596,14.1,9.6,14.6,1.6,6.8,1.56,0.92,1.75,7.1,120.3,102.6
,Bam Adebayo,Mia,C-F,21.71,77,23.1,48.2,15.7,17.4,214,0.734,434,0.588,12,0.167,0.578,0.623,8.7,7.2,16.5,2.3,14.6,0.83,0.79,1.48,9.1,120.1,97.1
,Deng Adel,Cle,F,22.16,16,11.6,24.1,9.4,12.5,2,1,13,0.385,21,0.238,0.368,0.387,1.7,1.1,5.1,0.3,3.6,0.06,0.25,0.31,2.8,79.6,115.7
,DeVaughn Akoon-Purcell,Den,G-F,25.83,7,3.1,6.4,25.4,15.5,2,0.5,6,0.5,4,0,0.3,0.322,1,0.6,10,0.9,37.9,0.29,0,0.29,10.5,,
,LaMarcus Aldridge,San,F,33.7,76,33.3,69.4,27,9,386,0.847,1206,0.523,38,0.263,0.519,0.573,21.3,9.1,14.9,2.5,11.9,0.55,1.3,1.83,9.4,117,106.7
,Rawle Alkins,Chi,G,21.43,6,7,14.6,21.1,14.8,3,1,11,0.273,5,0.2,0.281,0.346,2,2.3,18.2,1,19.7,0.17,0,0.5,9.5,96.4,112.9
,Grayson Allen,Uta,G,23.48,33,9.2,19.1,21.9,11.7,42,0.69,44,0.364,74,0.297,0.415,0.465,3.8,0.4,2.1,0.5,8.4,0.09,0.09,0.55,4,90.3,100.8
,Jarrett Allen,Bro,C,20.95,76,26.4,55,16,13.1,274,0.708,500,0.626,44,0.136,0.592,0.63,11,8.4,16.7,1.4,8.1,0.55,1.53,1.32,7.7,123.6,101.6
,Kadeem Allen,Nyk,G,26.21,18,21.5,44.8,19.5,15.2,46,0.804,97,0.485,33,0.455,0.535,0.586,9.8,2.6,6.2,3.8,27.8,0.78,0.17,1.5,8.5,115.7,105.5
,Al-Farouq Aminu,Por,F,28.53,77,28.5,59.4,13.4,9.8,160,0.863,294,0.517,264,0.348,0.52,0.571,9.3,7.5,14,1.3,6.1,0.84,0.4,0.88,6.3,118.6,104.9
,Justin Anderson,Atl,G-F,25.37,43,8.5,17.6,17.6,10.8,25,0.72,67,0.537,62,0.274,0.477,0.504,3.3,1.5,9.4,0.4,7.4,0.42,0.26,0.4,5.9,101.8,106.3
,Kyle Anderson,Mem,F,25.53,43,29.8,62.1,12.6,16,64,0.578,242,0.583,34,0.265,0.56,0.569,8,5.9,11.1,3,15,1.26,0.86,1.35,7,110.6,101.9
,Ryan Anderson,Pho,F,30.9,15,18.5,38.6,12.1,15.4,14,0.786,26,0.462,34,0.206,0.375,0.423,3.7,3,9,1.1,8.1,0.2,0.07,0.8,5,91.7,112.5
,Ryan Anderson,Mia,F,30.9,9,4.7,9.8,12,16.8,2,0.5,3,0,6,0.333,0.333,0.354,0.8,1,11.3,0.2,6.1,0.11,0,0.22,4.6,86.6,108.1
,Ike Anigbogu,Ind,C,20.44,3,2.1,4.3,28.2,25,0,0,3,0,0,0,0,0,0,1,26.9,0.3,18.8,0,0.33,0.33,0,,
,Giannis Antetokounmpo,Mil,F,24.32,70,32.8,68.4,32.2,15.1,653,0.729,1020,0.638,191,0.246,0.596,0.64,27.4,12.5,19.4,5.9,30.4,1.29,1.46,3.8,15.4,120.7,93.3
,Kostas Antetokounmpo,Dal,F,21.37,2,5.3,11,23.4,17.4,4,0.5,3,0,0,0,0,0.21,1,0.5,5.1,0,0,1,0,0.5,0,39.1,105.1
,Carmelo Anthony,Hou,F,34.84,10,29.4,61.3,20.5,5.8,22,0.682,57,0.491,64,0.328,0.492,0.513,13.4,5.4,10.2,0.5,2.7,0.4,0.7,0.8,4.5,103.8,103.8
,OG Anunoby,Tor,F,21.71,64,20.3,42.4,15.4,10.9,60,0.567,195,0.574,195,0.338,0.541,0.548,7.1,3,7.8,0.7,4.6,0.69,0.34,0.8,4.8,105.6,101.2
,Ryan Arcidiacono,Chi,G,25.02,77,24.2,50.4,11.3,12,90,0.867,178,0.522,207,0.377,0.545,0.586,6.5,2.6,5.9,3.3,18.8,0.81,0.06,0.75,6.3,121.3,108.4
,Trevor Ariza,Pho,F,33.76,26,34,70.8,13.8,13.7,43,0.837,88,0.409,139,0.36,0.489,0.525,9.9,5.6,9.1,3.3,13.5,1.46,0.31,1.5,6.7,104.5,113.2
,Trevor Ariza,Was,F,33.76,43,34.1,71,18.2,10.5,121,0.777,214,0.528,295,0.322,0.502,0.538,14.1,5.2,8.3,3.8,15.6,1.23,0.3,1.53,7.7,108.8,111.3
,D.J. Augustin,Orl,G,31.39,77,27.9,58.1,17.1,13.8,203,0.867,341,0.513,297,0.421,0.568,0.619,11.7,2.4,4.6,5.2,26.8,0.62,0.05,1.51,7.5,123.5,108.8
,Deandre Ayton,Pho,C,20.69,71,30.7,64,21.2,11.7,189,0.746,866,0.588,4,0,0.585,0.608,16.3,10.3,18.5,1.8,9.7,0.87,0.94,1.77,8.7,117.6,106.2
,Dwayne Bacon,Cha,G-F,23.59,38,16.1,33.4,16.9,6.7,45,0.733,138,0.471,66,0.47,0.547,0.572,6.7,2.1,7,1,9.3,0.26,0.11,0.42,6,114.4,106.6
,Marvin Bagley III,Sac,F,20.05,57,25,52.2,23.8,11.1,242,0.698,543,0.549,80,0.3,0.536,0.574,14.7,7.4,15.1,1,6.1,0.56,0.98,1.6,7.6,112.4,105.5
,Ron Baker,Nyk,G,26.01,11,9.7,20.2,8.6,13.9,6,0.833,7,0.429,9,0.111,0.281,0.376,1.3,0.7,3.9,1.2,16.1,0.36,0,0.27,4.2,94.8,102.7
,Ron Baker,Was,G,26.01,4,11.4,23.6,5.6,33.3,0,0,0,0,4,0,0,0,0,1,4.8,0.5,5.1,0.25,0.25,0.5,0,20.2,114.9
,Wade Baldwin IV,Por,G,23.01,16,5.9,12.2,23.4,27,11,0.727,24,0.333,9,0.222,0.333,0.396,1.9,0.9,8.5,0.8,16.8,0.06,0.13,0.88,7.5,73.4,102.3
,Lonzo Ball,Lal,G,21.43,47,30.3,63.1,16.9,17.8,48,0.417,228,0.482,228,0.329,0.488,0.487,9.9,5.3,9.1,5.4,23.8,1.47,0.4,2.19,8.7,100.5,104.3
,Mo Bamba,Orl,C,20.89,47,16.3,34,17.9,13.7,63,0.587,173,0.555,70,0.3,0.525,0.539,6.2,4.9,16.2,0.8,7.5,0.28,1.36,0.91,7.1,105.4,95.9
,J.J. Barea,Dal,G,34.77,38,19.8,41.2,28.1,14.7,78,0.705,257,0.479,128,0.297,0.468,0.495,10.9,2.5,6.8,5.6,47.8,0.58,0,1.89,10.8,105.1,107.1
,Harrison Barnes,Dal,F,26.84,49,32.3,67.3,23.7,7.8,198,0.833,406,0.416,311,0.389,0.489,0.538,17.7,4.2,7,1.3,6.3,0.67,0.22,1.39,5.7,106.1,109.4
,Harrison Barnes,Sac,F,26.84,23,35.2,73.3,16.1,8.6,61,0.836,149,0.497,112,0.402,0.542,0.58,14.5,5.7,8.3,2,7.4,0.7,0.04,1.17,6.2,114.3,110.4
,Will Barton,Den,G,28.24,37,28.1,58.6,20.5,12,67,0.806,234,0.449,176,0.352,0.483,0.512,12.2,4.7,9,3,15.1,0.46,0.54,1.62,7.9,103.9,105.7
,Keita Bates-Diop,Min,F,23.19,25,15.9,33.1,13.5,6.2,24,0.625,69,0.536,41,0.244,0.473,0.494,4.8,2.5,8.3,0.5,4.1,0.48,0.48,0.32,4.6,103.8,110.6
,Nicolas Batum,Cha,G-F,30.3,71,31.9,66.5,13.5,16.2,89,0.865,264,0.519,293,0.389,0.553,0.581,9.8,5.3,8.9,3.4,14.8,0.99,0.59,1.62,7,112.6,109.5
,Jerryd Bayless,Min,G,30.61,32,19.6,40.7,17.6,11.4,26,0.615,126,0.405,96,0.281,0.412,0.426,6.2,1.9,5.1,3.5,24.5,0.56,0.06,0.94,7.1,98.4,109.7
,Aron Baynes,Bos,F-C,32.31,48,15.7,32.8,15.4,13.7,58,0.845,149,0.503,59,0.339,0.505,0.555,5.4,4.5,15.2,1.1,9.2,0.21,0.63,0.77,7.6,116.6,95.1
,Kent Bazemore,Atl,G,29.75,63,24.7,51.5,21.9,13.7,170,0.729,371,0.469,278,0.309,0.467,0.504,11.6,4,8.5,2.3,13.5,1.35,0.67,1.83,7.7,97.9,105.8
,Bradley Beal,Was,G,25.76,78,37.6,78.4,28.3,11.2,438,0.808,967,0.551,576,0.351,0.542,0.584,26,5.1,7.3,5.5,23.9,1.55,0.71,2.81,9.6,113.6,109.9
,Malik Beasley,Den,G,22.35,75,23.4,48.6,18.3,6.5,57,0.895,303,0.558,374,0.401,0.582,0.598,11.2,2.6,6,1.2,7.4,0.64,0.12,0.65,5.6,117.8,107.4
,Michael Beasley,Lal,F,30.23,26,10.7,22.2,29.5,13.7,39,0.718,136,0.529,17,0.176,0.5,0.532,7,2.3,11.2,1,14.7,0.35,0.38,1.04,9.4,98.8,96.9
,Marco Belinelli,San,G-F,33.02,75,23.3,48.4,19.8,8.4,124,0.903,286,0.479,380,0.382,0.532,0.57,10.9,2.5,5.9,1.7,10.3,0.45,0.11,0.88,6.2,111.1,108.6
,Jordan Bell,Gol,F,24.23,62,11.4,23.8,13,16.6,37,0.595,162,0.519,2,0,0.512,0.527,3.1,2.7,12.5,1.1,12.3,0.29,0.77,0.58,7.4,110.4,102.7
,DeAndre' Bembry,Atl,F,24.75,77,23.6,49.2,16.9,17.6,119,0.622,405,0.501,164,0.293,0.483,0.502,8.1,4.3,9.6,2.4,14.5,1.27,0.55,1.73,7.4,96.1,106.1
,Dragan Bender,Pho,F,21.37,42,16.5,34.4,12.6,15.2,35,0.6,71,0.704,86,0.233,0.51,0.525,4.3,3.5,11.8,1,8.2,0.36,0.36,0.74,6,101.5,106.8
,Davis Bertans,San,F,26.38,71,21.5,44.8,13.8,8.1,54,0.87,100,0.48,316,0.44,0.617,0.637,7.9,3.5,8.9,1.3,8.1,0.44,0.46,0.55,6.1,122.8,105.5
,Dairis Bertans,Nor,G,29.56,8,11.1,23.1,13,7.1,0,0,6,0.333,20,0.25,0.365,0.365,2.4,0.6,2.9,0.5,5.5,0.13,0,0.25,3.2,82.1,114.4
,Patrick Beverley,Lac,G,30.72,77,27.5,57.3,12.1,14,123,0.78,192,0.422,274,0.394,0.521,0.559,7.6,4.9,9.5,3.8,18.3,0.86,0.56,1.1,7.6,118.5,101.2
,Khem Birch,Orl,C,26.51,46,12.5,26.1,14.1,9.7,80,0.7,132,0.614,1,0,0.609,0.648,4.7,3.8,16,0.8,8.8,0.37,0.59,0.39,7.8,136.6,98.9
,Bismack Biyombo,Cha,C,26.59,49,14,29.2,12.6,14.3,80,0.65,138,0.58,0,0,0.58,0.612,4.3,4.5,17.1,0.6,5.7,0.16,0.84,0.59,6.5,123.9,100.1
,Nemanja Bjelica,Sac,F,30.9,72,23.4,48.8,16.5,12.1,85,0.753,314,0.529,239,0.402,0.561,0.579,9.5,6,13.2,2,11.3,0.71,0.76,1.13,8.3,116,102.1
,Antonio Blakeney,Chi,G,22.49,56,14.5,30.3,24.5,7.6,74,0.662,300,0.423,90,0.4,0.464,0.486,7.3,1.9,7,0.7,7.7,0.2,0.16,0.63,5.9,94.2,113.3
,Eric Bledsoe,Mil,G,29.31,75,29.5,61.4,22.9,13.3,229,0.755,579,0.579,366,0.325,0.543,0.574,16,4.7,8.1,5.5,27,1.52,0.37,2.13,10.1,115.3,100.7
,Jaron Blossomgame,Cle,F,25.54,27,16.3,33.9,12.3,8.9,13,0.769,68,0.544,39,0.256,0.486,0.506,4.2,3.6,12.4,0.5,4.2,0.26,0.3,0.41,4.8,107.7,115
,Bojan Bogdanovic,Ind,F,29.96,78,31.9,66.4,22.5,10.3,297,0.808,640,0.542,376,0.431,0.581,0.619,18.2,4.1,7.2,2,9.5,0.87,0,1.68,6.7,115,105.8
,Bogdan Bogdanovic,Sac,G,26.62,65,27.9,58.1,22.4,11.3,155,0.826,462,0.459,342,0.36,0.493,0.528,14.2,3.5,6.5,3.9,19.8,1.05,0.23,1.71,8.3,106.5,107.5
,Andrew Bogut,Gol,C,34.34,7,12,25.1,14.9,10.2,3,1,25,0.48,0,0,0.48,0.513,3.9,5.1,22.9,1.3,14,0.14,0.57,0.43,9.9,116.5,92.9
,Jonah Bolden,Phi,F,23.25,40,13.9,29,13.6,18.3,21,0.476,56,0.714,82,0.354,0.605,0.601,4.4,3.6,13.7,0.9,8.4,0.38,0.93,0.83,7,109.8,95.1
,Isaac Bonga,Lal,G,19.4,17,4,8.4,18.8,12.9,9,0.667,17,0.235,6,0,0.174,0.26,0.8,1,12.8,0.5,15.9,0.35,0.06,0.24,7.4,73,101.8
,Devin Booker,Pho,G,22.42,63,35.5,73.9,32.9,15.4,452,0.865,838,0.535,413,0.327,0.52,0.583,26.9,4.2,6.6,6.9,34.3,0.89,0.21,4.19,10.4,109.2,111.3
,Chris Boucher,Tor,F,26.22,27,5.1,10.7,24,6.4,15,0.867,32,0.5,34,0.324,0.492,0.537,2.9,1.6,16.7,0,0,0.22,0.81,0.19,0,111.2,86.2
,Avery Bradley,Lac,G,28.35,49,29.9,62.2,14.2,12.4,25,0.8,248,0.415,172,0.337,0.452,0.464,8.2,2.7,4.8,2,8.8,0.55,0.33,1.24,4.7,93.7,107.5
,Avery Bradley,Mem,G,28.35,14,31.6,65.8,23,12.7,25,0.92,115,0.513,73,0.384,0.537,0.565,16.1,3.2,5.7,4,21.7,1,0,2.07,7.5,106.9,106
,Tony Bradley,Uta,C,21.15,1,8.6,17.9,19.9,25,0,0,3,0,0,0,0,0,0,3,18.9,0,0,0,0,1,0,37.6,99.6
,Corey Brewer,Phi,G-F,33.08,7,19.9,41.5,18.8,12.8,13,0.692,35,0.457,14,0.286,0.449,0.484,7.6,2.4,6.5,1.4,10.1,1.71,0.29,1.14,5.9,95.9,99
,Corey Brewer,Sac,G-F,33.08,19,14.2,29.6,11.8,6.5,30,0.733,30,0.6,29,0.345,0.559,0.609,4.6,2.1,7.4,1.2,10.3,0.58,0.21,0.26,6.4,130.2,100
,Miles Bridges,Cha,F,21.03,75,20.4,42.5,15.3,8.8,69,0.739,284,0.542,181,0.326,0.522,0.541,7.1,4,10.5,1,7.2,0.64,0.53,0.64,6,109.2,107.6
,Mikal Bridges,Pho,F,22.59,78,29,60.4,12.1,10.6,108,0.796,222,0.559,301,0.336,0.527,0.558,8.2,3.2,6.2,2.1,10.1,1.55,0.47,0.87,5.2,112,110.7
,Isaiah Briscoe,Orl,G,22.97,39,14.3,29.9,14.1,17.2,26,0.577,104,0.423,34,0.324,0.438,0.455,3.5,1.9,7.1,2.2,21.2,0.28,0.05,0.79,6.8,96.1,100.1
,Ryan Broekhoff,Dal,G-F,28.61,38,10.1,21.1,14.2,8.7,13,0.846,28,0.607,82,0.415,0.618,0.635,3.9,1.4,7.4,0.5,7.4,0.11,0.11,0.29,5.5,120.6,106.5
,Malcolm Brogdon,Mil,G,26.31,64,28.6,59.6,20.8,10.2,152,0.928,503,0.545,244,0.426,0.576,0.615,15.6,4.5,8,3.2,16.2,0.72,0.19,1.44,8.5,120.9,103.8
,Dillon Brooks,Mem,G-F,23.19,18,18.3,38.2,20.9,12.3,30,0.733,82,0.415,40,0.375,0.463,0.499,7.5,1.7,5.3,0.9,7.7,0.56,0.22,1.06,4.9,94.1,98
,MarShon Brooks,Mem,G,30.18,29,13.3,27.8,23.6,10.3,33,0.697,115,0.53,54,0.278,0.494,0.518,6.6,1.6,6.5,0.9,11.1,0.31,0.14,0.72,6.4,98.9,105.6
,Troy Brown Jr.,Was,F,19.68,48,12.6,26.3,16.9,10.8,43,0.651,141,0.447,55,0.345,0.467,0.491,4.4,2.6,11.4,1.4,15.4,0.4,0.08,0.54,8,105.7,108.3
,Bruce Brown,Det,G,22.63,69,19.5,40.7,11.6,11.8,53,0.717,207,0.444,90,0.267,0.431,0.459,4.3,2.5,6.9,1.2,8.7,0.49,0.51,0.62,4.8,98.9,100.7
,Jaylen Brown,Bos,F,22.44,72,26,54.1,22,10.1,196,0.663,502,0.528,269,0.342,0.523,0.546,13,4.3,8.8,1.3,7.6,0.92,0.44,1.33,6.4,104.7,102.1
,Lorenzo Brown,Tor,G,28.6,26,8.2,17,17.9,18.1,3,1,43,0.395,28,0.214,0.366,0.38,2.1,1.2,7.6,1.1,17.3,0.46,0.19,0.62,6.9,81.7,99.6
,Sterling Brown,Mil,G,24.14,54,17,35.5,15,11.3,30,0.7,141,0.56,137,0.372,0.559,0.57,6.1,3.1,9.1,1.4,10.5,0.44,0.15,0.69,7,111.6,99.6
,Jalen Brunson,Dal,G,22.58,69,21.4,44.6,19,12.4,110,0.727,355,0.527,169,0.361,0.531,0.556,9.2,2.3,5.7,3,21.9,0.52,0.06,1.17,7.5,111.3,106.7
,Thomas Bryant,Was,C,21.67,68,20.4,42.5,17.6,9.6,124,0.79,373,0.67,91,0.33,0.636,0.663,10.1,6.2,16.6,1.2,9,0.35,0.93,0.81,8.3,129.2,106.5
,Reggie Bullock,Det,F,28.05,44,30.8,64.1,16.6,10.3,64,0.875,147,0.463,294,0.388,0.542,0.569,12.1,2.8,5,2.5,12,0.55,0.11,1.23,5.7,112.9,108.7
,Reggie Bullock,Lal,G-F,28.05,18,27.4,57.2,13.6,6.2,21,0.81,51,0.529,92,0.337,0.514,0.539,9.1,2.6,4.9,1.1,5.3,0.83,0.39,0.56,4.3,107,108.9
,Trey Burke,Nyk,G,26.38,33,20.9,43.5,26,6.9,75,0.827,272,0.434,86,0.349,0.455,0.496,11.8,1.8,4.6,2.8,23.6,0.64,0.15,0.88,7.5,106.2,114.2
,Trey Burke,Dal,G,26.38,20,16.9,35.2,23.1,8.8,37,0.811,97,0.505,52,0.346,0.51,0.551,9.1,1.6,4.9,2.5,24,0.5,0.1,0.8,7.8,115.3,110.2
,Alec Burks,Uta,G,27.7,17,15.8,33,23.1,10.3,38,0.868,71,0.437,43,0.372,0.482,0.547,8.4,1.6,5.6,1.2,11.2,0.35,0.24,0.88,6.4,106.4,102.2
,Alec Burks,Cle,G,27.7,34,28.8,60,19.2,10.7,98,0.806,221,0.412,119,0.378,0.466,0.517,11.6,5.5,10.5,2.9,15,0.74,0.47,1.35,7.9,107.1,112.4
,Alec Burks,Sac,G,27.7,12,10,20.9,9,15.3,5,0.8,14,0.643,6,0,0.45,0.495,1.8,1.7,8.5,0.8,9.1,0.67,0.08,0.33,5.4,100.2,106.4
,Deonte Burton,Okc,G,25.17,29,8.2,17.1,16.2,9.5,10,0.7,54,0.463,27,0.296,0.457,0.474,2.8,1,6.1,0.3,5.1,0.21,0.28,0.31,4.6,94.7,99
,Jimmy Butler,Min,G-F,29.55,10,36.1,75.3,22.9,7.1,61,0.787,112,0.509,45,0.378,0.525,0.579,21.3,5.2,7.7,4.3,18.2,2.4,1,1.4,8.7,121.9,110.4
,Jimmy Butler,Phi,G-F,29.55,53,33.5,69.7,22.2,8.3,294,0.881,589,0.489,142,0.345,0.495,0.571,18.5,5.3,8.5,4.1,18.4,1.85,0.55,1.47,8.8,121.2,107
,Bruno Caboclo,Mem,F,23.53,29,22.6,47,14.9,13.3,39,0.795,72,0.514,100,0.36,0.529,0.563,7.3,4.3,10.7,1.3,8.7,0.41,0.9,1,6.1,109.5,102.3
,Jose Calderon,Det,G,37.51,47,13.4,27.8,10.9,22,11,0.818,63,0.492,56,0.25,0.437,0.456,2.4,1.3,5.2,2.4,24.9,0.34,0.06,0.74,5.8,103.1,103.6
,Kentavious Caldwell-Pope,Lal,G,26.12,77,24,50,17.1,7.3,143,0.881,264,0.557,380,0.35,0.538,0.579,10.6,2.8,6,1.1,6.3,0.87,0.17,0.73,5.3,114.3,107.5
,Isaiah Canaan,Pho,G,27.87,19,26.4,55.1,14.2,17.4,20,0.75,57,0.456,72,0.347,0.492,0.515,7.5,2.6,5.4,3.3,17.1,0.63,0,1.53,6.1,99.8,111.6
,Isaiah Canaan,Min,G,27.87,7,13.6,28.2,15.3,11.5,4,1,10,0.4,19,0.368,0.5,0.536,4.7,0.7,2.8,2.7,26.9,0.29,0.14,0.57,6.1,117.5,115.2
,Isaiah Canaan,Mil,G,27.87,4,7.6,15.9,11,25,0,0,1,0,5,0.4,0.5,0.5,1.5,1,6.7,0.8,11.8,0,0.25,0.5,5.6,95.2,104.8
,Clint Capela,Hou,C,24.87,62,34,70.9,18.1,10,238,0.634,684,0.643,0,0,0.643,0.654,16.6,12.6,20.6,1.4,6.9,0.66,1.53,1.42,7.8,133,104.4
,DeMarre Carroll,Bro,F,32.68,64,25.6,53.3,18.7,9.7,236,0.758,254,0.453,301,0.349,0.491,0.549,11.3,5.2,10.7,1.3,7.3,0.45,0.16,1.11,6.6,110.5,106
,Wendell Carter Jr.,Chi,F,19.96,44,25.2,52.5,19.1,13.6,112,0.795,338,0.515,32,0.188,0.495,0.543,10.3,7,15.1,1.8,10.7,0.59,1.34,1.5,8,107.9,100.7
,Jevon Carter,Mem,G,23.55,34,13.9,28.9,17.2,16,22,0.773,68,0.25,75,0.24,0.308,0.344,3.1,1.4,5.8,1.7,17.4,0.68,0.26,0.85,5.6,77.5,102.1
,Vince Carter,Atl,G-F,42.18,72,17.2,35.8,16.8,8.6,57,0.684,144,0.479,299,0.401,0.562,0.574,7.5,2.5,7.8,1.1,9.1,0.6,0.32,0.61,6.4,112.7,106.8
,Michael Carter-Williams,Hou,G,27.48,16,9,18.8,24.8,12.1,26,0.462,42,0.429,19,0.368,0.467,0.476,4.3,0.8,5,1.3,23.1,0.56,0.38,0.63,7.3,99.6,95.1
,Michael Carter-Williams,Orl,G,27.48,8,18.1,37.7,17.1,10.6,15,0.667,30,0.433,14,0.214,0.398,0.445,5.6,4.6,13.7,3.6,27.8,0.5,0.88,0.75,10,109.7,101.7
,Alex Caruso,Lal,G,25.09,20,17.2,35.7,16.2,14.2,45,0.8,61,0.459,34,0.5,0.563,0.623,7.2,2.2,6.5,1.8,13.6,0.85,0.35,0.95,7.1,120.1,101.4
,Omri Casspi,Mem,F,30.78,36,14.5,30.1,18,11,58,0.672,118,0.602,43,0.349,0.581,0.606,6.3,3.2,12.4,0.7,8.1,0.56,0.25,0.64,6.7,112.9,103.6
,Willie Cauley-Stein,Sac,C,25.62,77,27.6,57.5,17.8,9.2,248,0.544,718,0.557,2,0.5,0.558,0.566,12.2,8.5,15.8,2.5,12.7,1.21,0.64,1.09,9.2,118,100.8
,Troy Caupain,Orl,G,23.34,4,3.9,8.1,22.4,0,0,0,5,0.4,3,0.667,0.625,0.625,2.5,0.8,10.3,1,44.7,0.25,0,0,12.9,,
,Tyler Cavanaugh,Uta,F,25.14,8,2.3,4.8,18.1,12.7,2,1,3,0.667,3,0,0.333,0.436,0.8,0.5,11.6,0,0,0,0,0.13,0,,
,Tyson Chandler,Pho,C,36.5,7,12.7,26.5,13,26,18,0.556,12,0.667,0,0,0.667,0.653,3.7,5.6,24.3,0.9,9.2,0.29,0.14,1,8.4,112.1,87.2
,Tyson Chandler,Lal,C,36.5,48,16.4,34.1,8,23,69,0.594,86,0.616,1,0,0.609,0.626,3.1,5.6,17.8,0.6,4.8,0.4,0.5,0.73,5.3,122.9,99.5
,Wilson Chandler,Phi,F,31.9,36,26.4,55,11.2,15.4,18,0.722,89,0.506,118,0.39,0.551,0.561,6.7,4.6,9.3,2,10,0.61,0.5,1.08,6,111.1,103.4
,Wilson Chandler,Lac,F,31.9,11,13.9,29,13.3,8.3,3,0.667,16,0.438,27,0.296,0.442,0.451,3.6,3.2,12.1,0.6,6.1,0.27,0.18,0.36,5.5,94,99.3
,Joe Chealey,Cha,G,23.42,1,7.8,16.3,16.5,0,0,0,3,0.333,0,0,0.333,0.333,2,0,0,1,18.3,0,0,0,0,86.3,107.6
,Chris Chiozza,Hou,G,23.36,3,3.1,6.5,9.2,0,0,0,2,0,0,0,0,0,0,0.3,5.9,0,0,0.33,0,0,0,,
,Marquese Chriss,Hou,F,21.75,16,6.5,13.5,20.6,24.4,7,0.857,19,0.526,15,0.067,0.338,0.391,1.8,1.8,15,0.4,8.3,0.13,0.25,0.75,6.7,75.7,95.9
,Marquese Chriss,Cle,F,21.75,23,15.1,31.4,20.3,13.7,32,0.688,73,0.466,52,0.288,0.452,0.485,5.9,4.3,15.7,0.7,6.5,0.48,0.3,0.96,6.9,98.1,99.1
,Gary Clark,Hou,F,24.38,47,12.9,26.9,10.3,4.2,7,1,12,0.667,123,0.301,0.47,0.485,2.9,2.3,9.8,0.4,3.8,0.4,0.55,0.13,4.3,109.3,107
,Ian Clark,Nor,G,28.07,56,14.8,30.8,18.5,14.7,31,0.903,147,0.456,158,0.31,0.461,0.485,5.5,1.3,4.6,1.4,12.7,0.29,0.09,0.98,5.8,93.6,108
,Jordan Clarkson,Cle,G,26.82,77,27.3,56.9,27.9,9.5,189,0.847,705,0.525,426,0.324,0.51,0.541,17.1,3.4,7,2.4,15.7,0.71,0.18,1.66,7.6,107.8,115.7
,John Collins,Atl,F-C,21.52,58,29.7,61.9,23.6,11,251,0.765,632,0.611,148,0.358,0.597,0.631,19.4,9.6,17,1.9,10.9,0.34,0.62,1.9,9.5,122.7,105.9
,Zach Collins,Por,F-C,21.37,72,17.7,36.8,16.4,14.2,118,0.754,257,0.533,114,0.316,0.515,0.557,6.5,4.2,12.6,0.9,7.3,0.33,0.83,0.97,6.6,111.5,99.8
,Darren Collison,Ind,G,31.61,74,28.4,59.2,17.6,14.3,186,0.828,455,0.497,189,0.418,0.535,0.581,11.4,3.1,6,6.1,29.9,1.45,0.12,1.64,8.4,119.2,104.1
,Bonzie Colson,Mil,F,23.22,6,8.3,17.2,21,4,4,1,11,0.364,11,0.182,0.318,0.379,3,3.2,19.5,0.5,7.8,0.17,0.17,0.17,8.1,97.5,99.9
,Mike Conley,Mem,G,31.47,70,33.5,69.7,27.3,9.1,406,0.845,694,0.483,426,0.364,0.507,0.569,21.1,3.4,5.7,6.4,33.5,1.34,0.31,1.86,9.2,116.9,108.2
,Pat Connaughton,Mil,G,26.24,57,20.3,42.3,13.3,7.9,37,0.73,136,0.64,186,0.328,0.554,0.568,6.7,4.1,10.3,2,12.7,0.51,0.44,0.51,7.5,121.8,102.1
,Quinn Cook,Gol,G,26.03,68,13.8,28.7,19.8,9.9,22,0.773,204,0.5,178,0.399,0.546,0.554,6.4,2.1,8.2,1.5,14.8,0.28,0.04,0.63,7.9,109.1,106.6
,DeMarcus Cousins,Gol,C,28.64,26,25.4,52.9,27.2,14.3,127,0.756,232,0.552,72,0.25,0.51,0.564,15.6,7.8,16.5,3.5,20.1,1.27,1.58,2.31,11.8,109.7,94
,Robert Covington,Phi,F,28.3,13,33.8,70.5,14.2,14.8,23,0.739,40,0.5,77,0.39,0.556,0.578,11.3,5.2,8.1,1.1,4.3,1.85,1.77,1.69,4.7,102.3,100.9
,Robert Covington,Min,F,28.3,22,34.7,72.2,16.4,8.4,66,0.773,97,0.526,148,0.372,0.545,0.58,14.5,5.7,8.8,1.5,5.8,2.27,1.05,1.14,5.7,115,103.3
,Allen Crabbe,Bro,G-F,26.98,43,26.4,54.9,16.4,10.4,56,0.732,113,0.345,259,0.378,0.5,0.521,9.6,3.4,6.9,1.1,5.8,0.53,0.3,1.07,5,100.2,104.7
,Torrey Craig,Den,F,28.29,69,20,41.7,12.5,10.4,60,0.683,164,0.561,173,0.312,0.513,0.532,5.6,3.5,9.5,0.9,5.9,0.51,0.59,0.61,5.2,111.4,101.4
,Jamal Crawford,Pho,G,39.03,61,18.2,38,19.3,18,90,0.822,198,0.434,172,0.302,0.443,0.491,6.6,1.2,3.7,3.5,27.1,0.46,0.18,1.48,6.7,98.2,115.4
,Mitchell Creek,Bro,F,26.93,4,8.9,18.5,15.5,0,7,0.714,9,0.556,1,0,0.5,0.573,3.8,2.5,14.8,1.3,20.6,0.25,0,0,10.4,145.3,104.2
,Jae Crowder,Uta,F,28.74,76,27.4,57.2,19,8.8,187,0.711,263,0.529,501,0.331,0.508,0.537,12,4.8,9.5,1.7,8.8,0.84,0.37,1.08,6.7,107,100.8
,Dante Cunningham,San,F,31.95,61,14.7,30.6,9,11.5,18,0.778,91,0.495,63,0.476,0.584,0.599,3.2,3,11.2,0.8,6.8,0.39,0.21,0.34,5.4,124.1,105.6
,Seth Curry,Por,G,28.61,71,18.7,38.9,16.4,10.9,52,0.846,201,0.463,233,0.451,0.577,0.596,7.7,1.6,4.5,0.9,6.7,0.45,0.15,0.79,4.8,113.8,108.3
,Stephen Curry,Gol,G,31.05,64,34.3,71.5,30.6,11.4,278,0.914,503,0.523,767,0.437,0.603,0.641,27.9,5.3,8.3,5.3,24.2,1.36,0.38,2.81,10.8,120,106.6
,Troy Daniels,Pho,G,27.72,47,14.2,29.6,18.1,9.2,23,0.783,71,0.521,175,0.383,0.559,0.572,6.2,1.4,5.6,0.5,5.4,0.49,0.11,0.55,4.6,106,109.9
,Anthony Davis,Nor,F-C,26.06,56,33,68.8,29.5,8.5,433,0.794,881,0.547,145,0.331,0.54,0.597,25.9,12,18.9,3.9,19.1,1.57,2.41,2.02,12.9,122.1,104.3
,Deyonta Davis,Atl,C-F,22.33,4,11.8,24.5,9.4,0,2,1,9,0.667,1,0,0.6,0.643,3.5,2.8,12.3,0.5,5.9,0.25,0.5,0,5.8,146.1,106.6
,Ed Davis,Bro,C,29.83,77,18.1,37.7,12.7,15.4,151,0.616,288,0.615,2,0,0.61,0.627,5.8,8.8,25.5,0.8,6.3,0.44,0.43,0.84,7.6,127.9,91.1
,Tyler Davis,Okc,C,21.86,1,0.9,1.9,45.3,0,0,0,1,0,0,0,0,0,0,1,57.4,0,0,0,0,0,0,,
,Dewayne Dedmon,Atl,C,29.64,64,25.1,52.4,16.7,12.7,113,0.814,309,0.57,217,0.382,0.571,0.602,10.8,7.5,15.8,1.4,8.1,1.08,1.13,1.31,7.7,115.4,100.6
,Sam Dekker,Cle,F,24.91,9,18.8,39.2,14.8,8.7,10,0.8,35,0.486,13,0.385,0.51,0.544,6.3,3.7,10.8,1,7.8,1.22,0,0.56,6.1,114,109
,Sam Dekker,Was,F,24.91,34,15.3,31.8,16.6,7.9,33,0.515,137,0.562,35,0.286,0.535,0.539,5.9,2.9,10.5,1,9.1,0.71,0.21,0.47,6.7,112.1,111.8
,Angel Delgado,Lac,C,24.37,2,7.4,15.4,16.8,0,2,0.5,5,0.2,0,0,0.2,0.255,1.5,2,14.3,0,0,0.5,0,0,0,79.2,98.3
,Matthew Dellavedova,Mil,G,28.57,12,8.1,16.9,13.7,34.6,4,1,8,0.25,11,0.364,0.421,0.482,1.7,0.8,5.2,2.4,35.6,0.17,0,0.92,7.3,99.2,100.7
,Matthew Dellavedova,Cle,G,28.57,36,19.9,41.4,18.4,18.9,48,0.792,104,0.5,119,0.336,0.502,0.537,7.3,1.9,5.2,4.2,31.4,0.33,0.06,1.58,7.8,107.7,111.8
,Luol Deng,Min,F,33.96,22,17.8,37.1,15.7,9.5,35,0.714,74,0.608,44,0.318,0.559,0.588,7.1,3.3,9.8,0.8,6.5,0.68,0.36,0.64,6,117,109.8
,DeMar DeRozan,San,G,29.65,72,35.2,73.3,28.1,11.3,405,0.83,1213,0.49,44,0.159,0.481,0.538,21.5,6.1,9.5,6.2,27.7,1.1,0.47,2.54,10.6,109.6,106.7
,Marcus Derrickson,Gol,F,23.16,9,6,12.5,22.7,10.4,4,0.75,10,0.5,14,0.357,0.521,0.543,3.1,0.9,7.9,0.1,2.6,0,0.11,0.33,4.4,105.8,100.9
,Cheick Diallo,Nor,F,22.55,60,13.4,28,16.5,14.2,67,0.746,245,0.62,3,0,0.613,0.638,5.9,5,19.4,0.4,4.2,0.47,0.55,0.77,6.8,117.6,99.1
,Hamidou Diallo,Okc,G,20.67,49,10.7,22.3,16.6,10.7,59,0.61,141,0.504,24,0.167,0.467,0.497,3.9,2,9.5,0.3,4.4,0.41,0.2,0.47,5,102.6,96.4
,Gorgui Dieng,Min,C,29.2,71,12.9,26.8,18.5,11.6,92,0.826,268,0.541,49,0.327,0.533,0.579,5.8,4,16.4,0.8,9.3,0.59,0.54,0.66,8.2,115.9,99
,Spencer Dinwiddie,Bro,G,25.99,64,28.2,58.7,25.3,13.3,346,0.801,442,0.523,347,0.346,0.521,0.584,17.2,2.5,4.6,4.6,26,0.61,0.27,2.25,8.3,114.4,105
,Donte DiVincenzo,Mil,G,22.17,27,15.2,31.7,15.1,12.8,12,0.75,41,0.683,83,0.265,0.492,0.507,4.9,2.4,8,1.1,9.7,0.48,0.22,0.7,6.2,102.1,99.6
,Luka Doncic,Dal,G-F,20.09,70,32.2,67.1,30.5,14.9,474,0.709,650,0.5,502,0.327,0.496,0.543,21.1,7.6,12.7,5.9,31.3,1.07,0.34,3.4,12.2,106.6,105
,Tyler Dorsey,Atl,G,23.13,27,9.3,19.3,18,9.1,26,0.615,50,0.44,39,0.256,0.416,0.448,3.3,1.6,9.1,0.6,9.4,0.26,0.04,0.37,6.3,95.8,110
,Tyler Dorsey,Mem,G,23.13,16,19,39.6,19.4,6.8,29,0.586,52,0.481,58,0.397,0.541,0.554,8.5,2.9,8.7,1.7,14.3,0.38,0.06,0.56,7.3,113,105.5
,Damyean Dotson,Nyk,G,24.91,68,27,56.3,17.6,8.4,98,0.745,333,0.468,318,0.374,0.514,0.534,10.9,3.6,7.1,1.8,10.2,0.85,0.13,0.94,6.1,107.3,110.4
,PJ Dozier,Bos,G-F,22.43,5,2.7,5.6,22.3,0,0,0,5,0.4,2,0.5,0.5,0.5,1.4,1.2,23.8,0,0,0,0,0,0,,
,Goran Dragic,Mia,G,32.91,31,26.9,56.1,24.8,13.1,92,0.783,231,0.481,148,0.358,0.503,0.54,14.6,3,5.9,4.5,27,0.71,0.16,2.03,8.7,108.2,104.2
,Andre Drummond,Det,C,25.64,74,33.4,69.5,23.1,11.9,382,0.592,959,0.543,38,0.132,0.53,0.551,17.3,15.5,25.5,1.4,7.1,1.7,1.69,2.14,8.6,113,95.8
,Jared Dudley,Bro,F,33.73,56,20.5,42.8,10.3,14.6,38,0.658,82,0.537,141,0.348,0.527,0.542,4.6,2.5,6.4,1.4,9,0.59,0.27,0.73,4.9,107.1,102.8
,Kris Dunn,Chi,G,25.04,46,30.2,62.9,20.1,16.2,69,0.797,410,0.441,96,0.354,0.458,0.484,11.3,4.1,7.3,6,30,1.48,0.46,2.26,8.6,98.9,103.2
,Kevin Durant,Gol,F,30.51,73,35.2,73.3,29.4,12.2,492,0.884,960,0.58,372,0.349,0.565,0.626,26.6,6.5,10,5.8,25.7,0.77,1.1,2.95,11.4,120,108.1
,Trevon Duval,Mil,G,20.66,3,1.9,3.9,22.5,0,0,0,2,0.5,1,1,0.833,0.833,1.7,0.3,9.1,0.7,66,0,0,0,14.9,,
,Vincent Edwards,Hou,F,22.99,2,7.9,16.4,11.1,0,0,0,0,0,4,0.25,0.375,0.375,1.5,1,7.1,0,0,0,0,0,0,95.5,119.2
,Henry Ellenson,Det,F,22.22,2,12.4,25.8,18.9,0,2,1,6,0.333,4,0.5,0.5,0.551,6,4.5,19.8,0.5,6.2,0,0,0,7.7,120.1,100.1
,Henry Ellenson,Nyk,F,22.22,12,12.7,26.4,19.5,10,13,0.769,32,0.344,25,0.36,0.43,0.47,4.9,3.2,13.1,1.1,12.9,0.58,0,0.58,8.1,98.3,104.1
,Wayne Ellington,Mia,G,31.34,25,21.3,44.4,16.5,6.8,16,0.875,29,0.414,155,0.368,0.53,0.547,8.4,1.9,4.7,1.2,7.9,0.96,0.12,0.56,5,110.5,104.8
,Wayne Ellington,Det,G,31.34,23,26.5,55.2,17.5,8.5,24,0.667,43,0.628,173,0.387,0.59,0.598,11.8,2,4,1.4,8.1,1.04,0.13,0.91,4.8,114.7,106.3
,Joel Embiid,Phi,F-C,25.05,62,33.7,70.2,33.2,13.4,633,0.81,901,0.536,251,0.303,0.518,0.597,27.5,13.7,21.5,3.5,17.6,0.71,1.87,3.58,13,113.9,98.3
,James Ennis III,Hou,F,28.75,40,23.7,49.4,11.9,9.2,58,0.724,91,0.659,120,0.367,0.597,0.622,7.4,2.9,6.9,0.7,4.1,0.95,0.4,0.6,4.2,123.5,103.5
,James Ennis III,Phi,F,28.75,17,15.8,33,15.4,9.1,23,0.696,45,0.511,35,0.286,0.475,0.51,5.4,3.8,12.6,0.7,6.1,0.18,0.35,0.53,6.2,110.4,99.9
,Drew Eubanks,San,F,22.16,20,4.8,9.9,15.6,17.8,13,0.846,22,0.636,0,0,0.636,0.703,2,1.4,15.5,0.4,10.1,0.05,0.2,0.3,8.7,126.8,101.6
,Jacob Evans,Gol,G,21.79,27,5,10.4,12.9,17.3,1,0,25,0.36,8,0.125,0.318,0.314,0.8,0.6,6.4,0.6,14.3,0.04,0.04,0.26,5.3,79,100.6
,Jawun Evans,Pho,G,22.68,7,9.1,19,12.8,31.6,0,0,11,0.273,2,0,0.231,0.231,0.9,1.7,10.4,1.4,20.2,0.43,0,0.86,5.7,59.9,103.9
,Tyreke Evans,Ind,G,29.54,66,20.1,41.8,26.5,14.3,143,0.727,421,0.409,203,0.35,0.446,0.481,10,2.9,7.9,2.4,17.8,0.85,0.27,1.74,8.2,93.3,101.7
,Dante Exum,Uta,G,23.72,42,15.8,32.9,21.2,15.8,86,0.791,177,0.469,62,0.29,0.46,0.52,6.9,1.6,5.5,2.6,24.2,0.33,0.12,1.24,7.8,104.9,100.4
,Kenneth Faried,Bro,F-C,29.37,12,9.8,20.4,19.7,10.9,16,0.625,37,0.649,5,0.2,0.607,0.622,5.1,3.7,19.7,0.2,2.8,0.17,0.33,0.5,6.4,120.6,103.5
,Kenneth Faried,Hou,F-C,29.37,21,25.7,53.6,20.2,9.5,76,0.658,178,0.612,16,0.375,0.608,0.629,13.6,8.8,19,0.8,5.3,0.52,0.86,1.14,7.1,128.7,101.3
,Derrick Favors,Uta,F-C,27.72,75,23.3,48.4,19.3,10.3,225,0.676,530,0.64,77,0.221,0.6,0.624,11.7,7.4,17.2,1.2,8,0.73,1.41,1.08,8.1,124.8,98
,Cristiano Felicio,Chi,F-C,26.74,56,11.8,24.6,14.6,13.6,64,0.719,159,0.56,4,0,0.546,0.586,4,3.5,16.2,0.6,7.1,0.16,0.13,0.54,6.9,119.6,106.9
,Raymond Felton,Okc,G,34.77,28,11.1,23.1,17.4,9.8,13,0.923,68,0.5,46,0.261,0.456,0.484,4.1,1,4.5,1.5,18.1,0.29,0.21,0.46,6.6,104.8,105.3
,Terrance Ferguson,Okc,G,20.88,69,26,54.2,10.4,9,46,0.717,131,0.534,265,0.358,0.537,0.55,6.6,1.8,3.5,0.9,4.5,0.57,0.23,0.59,3.4,110,101.7
,Yogi Ferrell,Sac,G,25.9,66,14.4,30,16.3,9.9,57,0.895,179,0.48,134,0.366,0.51,0.547,5.6,1.5,5.5,1.9,17.2,0.5,0.06,0.56,7,113.3,110
,Dorian Finney-Smith,Dal,F,25.91,77,24.4,50.9,13.6,11.6,99,0.697,249,0.546,235,0.319,0.513,0.536,7.4,4.7,10.3,1.1,6.5,0.9,0.48,0.9,5.5,110.2,103.4
,Bryn Forbes,San,G,25.69,77,27.9,58.2,17.5,8.9,76,0.882,361,0.49,387,0.413,0.557,0.576,11.7,2.9,5.6,2.1,10.3,0.57,0.05,0.99,5.9,111.2,108.2
,Evan Fournier,Orl,G-F,26.42,77,31.5,65.6,22.1,12.2,155,0.813,574,0.5,435,0.34,0.504,0.531,14.9,3.1,5.3,3.7,18.2,0.9,0.14,1.94,7,103.2,103.5
,De'Aaron Fox,Sac,G,21.28,76,31.9,66.6,24.6,15.1,406,0.724,823,0.478,224,0.371,0.494,0.542,17.5,3.8,6.2,7.3,32.7,1.67,0.57,2.87,9.9,109.2,106.3
,Melvin Frazier Jr.,Orl,G-F,22.59,9,4.4,9.2,21.9,5,2,0.5,14,0.429,4,0,0.333,0.344,1.4,0.6,6.7,0.1,3.7,0.11,0,0.11,4,79.2,98
,Tim Frazier,Nor,G,28.42,47,19.3,40.3,12.3,21.7,41,0.78,118,0.517,77,0.351,0.521,0.552,5,2.9,7.8,4.4,28.1,0.53,0.09,1.26,8.3,115.8,106.5
,Tim Frazier,Mil,G,28.42,8,13.7,28.6,15.2,20.1,4,0.75,15,0.4,15,0.267,0.4,0.425,3.4,1.8,6.5,3.1,28.2,0.25,0,1,7.8,102.7,101.8
,Jimmer Fredette,Pho,G,30.1,3,8.2,17.1,34.3,15.3,6,1,8,0.375,6,0,0.214,0.361,4,1,6.8,0.7,11.6,0.33,0,1,6.9,70.9,106.2
,Channing Frye,Cle,F-C,35.88,34,9.3,19.5,16.5,8.3,12,0.75,33,0.273,72,0.403,0.5,0.517,3.4,1.4,8.4,0.6,8.7,0.18,0.15,0.29,6.1,105.1,105.8
,Markelle Fultz,Phi,G,20.84,19,22.5,46.8,19.3,12.7,37,0.568,141,0.433,14,0.286,0.432,0.452,8.2,3.6,8.6,3.1,19.7,0.95,0.26,1.32,8,99.4,100.6
,Danilo Gallinari,Lac,F,30.65,65,30.4,63.4,23.7,8.5,390,0.905,480,0.485,363,0.433,0.556,0.636,19.8,6.2,10.8,2.5,12.7,0.69,0.32,1.45,8.9,125.4,107.1
,Langston Galloway,Det,G,27.31,75,21.8,45.4,15.9,3.8,88,0.841,190,0.458,353,0.368,0.519,0.548,8.5,2.1,5.2,1.1,7.3,0.47,0.09,0.31,5,117.4,106.5
,Marc Gasol,Mem,C,34.17,53,33.7,70.3,22.2,13.4,201,0.756,462,0.491,221,0.344,0.499,0.541,15.7,8.6,14.3,4.7,22.7,1.13,1.21,2.25,10.2,106.4,101.1
,Marc Gasol,Tor,C,34.17,22,24.4,50.9,17.2,14.4,41,0.78,124,0.484,42,0.429,0.524,0.56,9.4,6.5,14.3,3.9,21.8,0.86,1,1.41,10.2,114.8,96.7
,Pau Gasol,San,C-F,38.74,27,12.2,25.5,15.8,11.8,38,0.711,78,0.462,10,0.5,0.494,0.544,4.2,4.7,20.9,1.9,20.1,0.19,0.52,0.52,11,120.3,101.3
,Pau Gasol,Mil,C-F,38.74,3,10.1,21.1,12.3,22.5,2,0.5,3,0,3,0.333,0.25,0.291,1.3,3.3,16.7,0.7,7.6,0,0.33,0.67,5.7,59.1,102.3
,Rudy Gay,San,F,32.63,64,27,56.2,21.9,11.8,134,0.828,524,0.542,174,0.42,0.564,0.593,14,6.7,13.5,2.6,14.6,0.78,0.53,1.58,9.3,113.2,102.9
,Paul George,Okc,F,28.92,73,36.8,76.7,29.6,10.1,522,0.837,810,0.486,715,0.387,0.531,0.586,28.2,8.2,11.5,4.1,17.8,2.14,0.45,2.7,10.7,116.5,100.7
,Taj Gibson,Min,F,33.77,70,24.1,50.2,17.1,10.6,177,0.757,503,0.583,34,0.324,0.576,0.612,10.8,6.5,14.5,1.2,7.3,0.76,0.56,1.04,7.3,123.6,103.9
,Harry Giles III,Sac,F-C,20.95,58,14.1,29.5,23.2,15.8,91,0.637,342,0.512,6,0,0.503,0.526,7,3.8,13.9,1.5,15.2,0.53,0.38,1.26,9.7,101.7,93.8
,Shai Gilgeous-Alexander,Lac,G,20.72,78,26.3,54.8,18.2,15.4,185,0.805,534,0.496,131,0.382,0.511,0.555,10.6,2.8,5.6,3.3,17.7,1.17,0.56,1.74,7,107.6,106.7
,Rudy Gobert,Uta,C,26.77,77,31.7,66,17.7,12.1,492,0.636,670,0.669,0,0,0.669,0.682,15.7,12.9,22,2,9.7,0.81,2.25,1.58,9.3,133.8,96.4
,Brandon Goodwin,Den,G,23.5,16,3.6,7.4,23,9.7,11,0.818,17,0.235,6,0.333,0.304,0.413,1.4,0.2,2.8,0.9,32,0,0,0.19,7,,
,Aaron Gordon,Orl,F,23.54,74,33.7,70.1,21.9,12,241,0.734,662,0.494,333,0.345,0.502,0.534,15.9,7.3,11.6,3.7,16.7,0.73,0.7,2.03,9,106.7,104.5
,Eric Gordon,Hou,G,30.27,63,32.2,67,22.1,8.4,147,0.782,331,0.495,550,0.351,0.515,0.54,16.2,2.3,4,2,9.8,0.59,0.4,1.38,5.2,107,110.8
,Marcin Gortat,Lac,C,35.12,47,16,33.3,14.5,19.4,48,0.729,186,0.532,0,0,0.532,0.562,5,5.6,18.5,1.4,12,0.13,0.51,1.06,8.5,110.8,99.4
,Devonte' Graham,Cha,G,24.11,41,14.5,30.1,16.7,10.8,42,0.738,81,0.432,106,0.274,0.42,0.457,4.6,1.3,4.7,2.6,25,0.51,0.05,0.61,6.9,104.4,109
,Treveon Graham,Bro,F,25.43,31,20.6,42.8,12.1,8.2,22,0.818,55,0.455,104,0.269,0.421,0.451,4.9,3.1,7.9,0.9,6.2,0.39,0.23,0.48,4.6,98.1,103.6
,Donte Grantham,Okc,F,24.04,3,0.8,1.7,34,0,0,0,0,0,2,0,0,0,0,0,0,0,0,0,0,0,0,,
,Jerami Grant,Okc,F,25.06,75,32.5,67.6,15.3,7,208,0.712,497,0.551,258,0.388,0.562,0.588,13.3,5.2,8.3,1,4.3,0.79,1.29,0.85,5.1,118.5,103.3
,Jerian Grant,Orl,G,26.48,59,15.8,33,13.4,17.9,40,0.65,110,0.473,107,0.355,0.502,0.52,4.1,1.7,5.7,2.6,22.5,0.75,0.1,0.86,6.6,107.2,103.2
,Danny Green,Tor,G-F,31.78,76,27.8,57.9,14,10.6,40,0.825,185,0.486,415,0.458,0.625,0.634,10.3,4,7.8,1.5,7.5,0.89,0.64,0.96,5.7,119.2,103.8
,Draymond Green,Gol,F,29.08,61,31.5,65.6,12.8,26.9,88,0.682,231,0.545,152,0.276,0.493,0.519,7.2,7.3,12.4,7,26.9,1.43,1.03,2.54,9.1,107.6,101.3
,Gerald Green,Hou,G-F,33.18,69,20.6,42.9,19.5,8.5,68,0.838,134,0.552,420,0.352,0.534,0.556,9.4,2.5,6.8,0.6,4.2,0.46,0.39,0.78,4.7,107.5,107.5
,JaMychal Green,Mem,F,28.78,41,21.9,45.7,20.4,15.6,80,0.788,216,0.523,96,0.396,0.545,0.58,9.8,6.1,15.7,0.9,6.5,0.8,0.63,1.56,6.9,106.2,95.3
,JaMychal Green,Lac,F,28.78,22,19.4,40.4,17.4,11.9,18,0.833,78,0.564,69,0.42,0.595,0.613,8.6,6.9,18.8,0.5,3.8,0.45,0.32,0.95,6.4,115.7,95.4
,Jeff Green,Was,F,32.6,74,27.5,57.3,17.5,11.6,196,0.893,347,0.579,307,0.358,0.56,0.613,12.3,4.1,8,1.8,9.2,0.57,0.51,1.31,6.5,115.9,110.4
,Blake Griffin,Det,F,30.05,72,35.2,73.4,30.2,13.9,529,0.749,803,0.528,495,0.358,0.531,0.58,24.7,7.7,11.9,5.5,27.3,0.68,0.38,3.44,11.5,112.6,104
,Daniel Hamilton,Atl,G-F,23.65,19,10.7,22.4,15.7,20.3,6,0.5,37,0.405,23,0.348,0.45,0.455,3,2.5,12.2,1.2,14.6,0.32,0.05,0.84,7.8,90.7,107.3
,Tim Hardaway Jr.,Nyk,G,27.04,46,32.6,67.9,25.8,8.9,233,0.854,389,0.424,337,0.347,0.469,0.531,19.1,3.5,5.6,2.7,13.4,0.91,0.13,1.76,6.9,106.7,111.2
,Tim Hardaway Jr.,Dal,G,27.04,19,29.3,61.1,23.9,7.7,43,0.767,127,0.496,140,0.321,0.489,0.514,15.5,3.2,5.9,1.9,10.9,0.58,0.11,1.26,6.2,101.9,108.4
,James Harden,Hou,G,29.6,73,37.1,77.4,40.7,14.4,815,0.88,837,0.526,975,0.362,0.535,0.612,36.4,6.5,9.7,7.5,39.7,2.12,0.75,5.01,13.1,118,103.9
,Maurice Harkless,Por,F,25.89,56,23.3,48.4,13.8,9.4,63,0.651,246,0.561,112,0.277,0.515,0.531,7.3,4.4,10.1,1.2,7.2,1.13,0.89,0.71,5.8,112.3,100
,Montrezl Harrell,Lac,F-C,25.18,78,26.3,54.9,23.5,10.9,394,0.645,828,0.626,17,0.176,0.618,0.638,16.7,6.6,13.2,1.9,11.9,0.86,1.36,1.6,9,123.1,100.9
,Devin Harris,Dal,G,36.09,63,15.2,31.6,18.6,12.1,123,0.756,130,0.485,180,0.317,0.479,0.536,6.2,1.5,5.4,1.7,16.4,0.56,0.19,0.79,6.6,107.9,100.6
,Gary Harris,Den,G,24.55,51,28.9,60.1,20,9,128,0.797,346,0.474,224,0.353,0.496,0.532,13.1,2.8,5.3,2.4,11.6,0.94,0.35,1.22,6.2,109.1,107.1
,Joe Harris,Bro,G-F,27.57,73,30,62.6,17,13,127,0.835,347,0.53,368,0.476,0.624,0.648,13.7,3.8,6.6,2.4,12.2,0.48,0.23,1.58,6.7,119.5,106.2
,Andrew Harrison,Mem,G,24.45,1,4.5,9.4,19.9,0,0,0,1,1,1,0,0.5,0.5,2,0,0,0,0,0,0,0,0,96.6,93.9
,Andrew Harrison,Cle,G,24.45,10,14.4,29.9,17,17.8,16,1,25,0.36,14,0.214,0.346,0.467,4.3,1.5,5.8,1.7,16.4,0.4,0.2,1,6.2,96.9,101.4
,Andrew Harrison,Nor,G,24.45,6,6.3,13,16.3,13.4,2,0.5,2,0.5,10,0.2,0.333,0.349,1.5,0.8,6.9,1.2,22.6,0,0,0.33,7.2,91.1,100.3
,Shaquille Harrison,Chi,G,25.49,69,19.2,40,16.3,11.4,119,0.664,304,0.474,81,0.247,0.452,0.488,6.2,3,8.6,1.9,14.4,1.23,0.35,0.81,6.8,100.9,105.5
,Tobias Harris,Lac,F,26.71,55,34.6,72.1,23.5,10.3,219,0.877,596,0.523,258,0.434,0.562,0.606,20.9,7.8,12,2.7,12.5,0.73,0.44,1.98,8.8,114.9,106.1
,Tobias Harris,Phi,F,26.71,23,35.9,74.7,20.8,8.6,75,0.84,221,0.566,119,0.345,0.549,0.584,19,7.9,11.7,2.9,12.4,0.48,0.52,1.52,8.4,115.6,106.2
,Isaiah Hartenstein,Hou,F-C,20.91,28,7.9,16.5,11.8,21.6,14,0.786,35,0.514,6,0.333,0.512,0.562,1.9,1.7,11.8,0.5,9.5,0.25,0.43,0.46,5.9,114.3,88.1
,Josh Hart,Lal,G,24.07,67,25.6,53.3,13.5,10.4,80,0.688,190,0.511,274,0.336,0.506,0.526,7.8,3.7,7.5,1.4,6.9,0.96,0.6,0.87,5.4,103.3,104.7
,Udonis Haslem,Mia,F,38.81,8,4.4,9.1,13.6,18.2,0,0,5,0.6,4,0,0.333,0.333,0.8,1.5,18.4,0,0,0,0,0.25,0,61.4,96
,Gordon Hayward,Bos,F,29.03,69,25.6,53.4,19,13.2,171,0.825,378,0.529,224,0.33,0.517,0.563,11.1,4.4,9.3,3.4,18.4,0.83,0.32,1.49,8.6,112.4,106.4
,John Henson,Mil,F,28.26,14,13.5,28,18.6,14.4,10,0.6,36,0.556,31,0.355,0.545,0.553,5.6,5.1,19.2,1,10.1,0.5,0.79,0.86,9.1,108.7,95.5
,Juancho Hernangomez,Den,F,23.51,66,19.9,41.4,12.4,9.7,86,0.767,128,0.547,178,0.365,0.547,0.583,6.1,3.9,10.6,0.8,5,0.38,0.38,0.56,5.4,118.4,106
,Willy Hernangomez,Cha,C,24.85,55,14.4,30,22.2,13.7,144,0.694,252,0.548,38,0.395,0.553,0.596,7.7,5.5,20.6,1.1,11.7,0.25,0.38,1.02,10,119.9,100.9
,Mario Hezonja,Nyk,F,24.1,54,19.9,41.4,20.6,13.3,98,0.755,270,0.459,137,0.277,0.445,0.484,8.1,3.8,10,1.2,9.1,0.91,0.15,1.28,6.7,93.2,105.9
,Isaiah Hicks,Nyk,F,24.69,1,3.6,7.5,10.4,0,2,0.5,0,0,0,0,,0.568,1,0,0,1,35,0,0,0,0,,
,Buddy Hield,Sac,G,25.29,77,32.2,67.1,25.3,9.4,193,0.886,681,0.485,609,0.429,0.559,0.587,21,5.1,8.2,2.5,11.7,0.69,0.39,1.84,8,113.1,108
,Haywood Highsmith,Phi,F,22.31,3,4.9,10.3,14.2,0,0,0,2,0.5,3,0.333,0.5,0.5,1.7,1,10.7,0.7,18.8,0,0,0,8.7,118.5,106.1
,George Hill,Cle,G,32.91,13,26.5,55.2,17.2,14.7,20,0.85,79,0.532,28,0.464,0.575,0.604,10.8,2.1,4.3,2.8,16.2,0.92,0.08,1.54,6,115.6,110.7
,George Hill,Mil,G,32.91,43,20,41.7,13.8,9.5,50,0.84,127,0.559,108,0.269,0.487,0.527,6.3,2.5,6.4,2.1,13.2,0.88,0.16,0.63,6.4,113.1,101.7
,Solomon Hill,Nor,F,28.04,40,19.4,40.5,9.8,14.1,31,0.71,64,0.484,81,0.321,0.483,0.511,4.1,3,7.9,1.2,7.6,0.55,0.23,0.65,5.1,106.7,108.2
,Aaron Holiday,Ind,G,22.5,46,11.9,24.8,22.2,11.9,45,0.844,114,0.474,111,0.333,0.487,0.525,5.6,1.3,6.1,1.5,18.7,0.35,0.28,0.72,7.5,103.8,100.1
,Jrue Holiday,Nor,G,28.81,67,35.8,74.7,25.5,14.2,271,0.768,796,0.539,363,0.325,0.523,0.555,21.2,5,7.2,7.7,31.9,1.64,0.81,3.16,10.4,110.8,109.8
,Justin Holiday,Chi,G,29.99,38,34.9,72.6,15.2,10.2,46,0.891,124,0.435,270,0.359,0.506,0.531,11.6,4.4,7,2.2,9.1,1.74,0.58,1.24,5.5,103.7,110
,Justin Holiday,Mem,F-G,29.99,39,28.6,59.5,15.4,12.5,50,0.9,158,0.443,157,0.299,0.446,0.484,8.4,3.4,6.8,1.4,7,1.23,0.31,1.23,4.8,93.5,105.9
,John Holland,Cle,G,30.4,1,0.7,1.5,0,,0,0,0,0,0,0,,,0,0,0,0,0,0,0,0,0,,
,Rondae Hollis-Jefferson,Bro,F,24.24,57,21,43.8,21.2,10.2,181,0.652,417,0.441,47,0.191,0.426,0.472,9,5.1,12.9,1.6,11.7,0.7,0.46,1.09,8,100.3,102.5
,Richaun Holmes,Pho,F-C,25.46,69,16.6,34.6,17.9,10.9,175,0.731,349,0.613,0,0,0.613,0.653,8.1,4.7,15.6,0.8,7.7,0.61,1.13,0.75,7.5,127.8,99.4
,Rodney Hood,Cle,G,26.45,45,27.4,57.1,19.1,6.7,114,0.912,302,0.46,152,0.362,0.488,0.542,12.2,2.5,5,2,11.5,0.84,0.11,0.8,5.7,113.1,112.4
,Rodney Hood,Por,G,26.45,23,23.8,49.6,16.5,6.5,36,0.806,111,0.514,73,0.356,0.522,0.553,9.6,1.6,3.5,1.2,7.1,0.78,0.22,0.61,4.4,113.4,108
,Al Horford,Bos,F-C,32.83,65,29,60.4,18.9,11.8,93,0.828,489,0.603,198,0.354,0.582,0.602,13.5,6.8,12.5,4.1,21.1,0.83,1.29,1.49,10,122.1,104.8
,Danuel House Jr.,Hou,F-G,25.82,34,25.6,53.4,14.1,12,65,0.785,65,0.585,156,0.41,0.606,0.639,9.4,3.6,7.8,1,5.5,0.53,0.29,1,5.1,120.7,108.3
,Dwight Howard,Was,C,33.32,9,25.5,53.1,19.6,15.1,48,0.604,69,0.623,0,0,0.623,0.638,12.8,9.2,19.6,0.4,2.6,0.78,0.44,1.78,5.7,116.5,98.4
,Kevin Huerter,Atl,G,20.6,71,27.3,56.8,15.7,14,54,0.741,279,0.452,338,0.376,0.513,0.525,9.5,3.2,6.2,2.8,14.3,0.87,0.32,1.46,6.4,104.2,111.5
,Chandler Hutchison,Chi,F,22.93,44,20.3,42.4,12.2,10,38,0.605,159,0.516,50,0.28,0.493,0.507,5.2,4.2,11.3,0.8,5.3,0.52,0.14,0.57,5.1,102.1,109.2
,Serge Ibaka,Tor,F-C,29.54,71,27.4,57.1,22.5,10.6,175,0.76,671,0.59,162,0.272,0.555,0.581,14.9,8.1,15.9,1.4,7.7,0.39,1.37,1.52,8.1,113.1,99
,Andre Iguodala,Gol,G-F,35.18,66,23.3,48.5,10.3,13.2,67,0.582,154,0.662,138,0.341,0.591,0.597,5.8,3.7,8.6,3.1,16.6,0.91,0.74,0.74,7,126,107.8
,Ersan Ilyasova,Mil,F,31.88,63,18.2,37.8,15.7,10.3,66,0.833,208,0.5,148,0.378,0.528,0.56,6.8,4.4,12.5,0.8,5.9,0.49,0.32,0.7,6.3,115.1,93.9
,Joe Ingles,Uta,F,31.5,77,31.5,65.5,17.3,18,113,0.717,307,0.531,448,0.384,0.558,0.573,12,4,6.9,5.6,25.5,1.19,0.26,2.3,8.2,109.9,101.8
,Andre Ingram,Lal,G,33.37,4,3.7,7.6,19.9,14.3,0,0,3,0,3,0,0,0,0,0.5,7.1,0,0,0.25,0,0.25,0,,
,Brandon Ingram,Lal,F,21.58,52,33.9,70.5,23.2,13.2,289,0.675,634,0.522,94,0.33,0.519,0.555,18.3,5.2,7.9,3,12.9,0.54,0.6,2.5,7.8,104.1,105.9
,Kyrie Irving,Bos,G,27.03,64,33.1,69,29.7,11.4,237,0.873,773,0.536,416,0.399,0.558,0.593,24,5.1,8.2,7,35.5,1.59,0.52,2.61,11.5,118,104.1
,Jonathan Isaac,Orl,F,21.5,72,26.7,55.7,16.2,10.4,130,0.815,330,0.512,252,0.325,0.502,0.54,9.6,5.5,10.9,1.1,5.8,0.79,1.29,1.03,5.8,106.9,103.7
,Wes Iwundu,Orl,F,24.28,64,18.1,37.8,12.9,12.5,102,0.814,184,0.429,71,0.366,0.463,0.532,5,2.8,8.1,1,7.6,0.41,0.31,0.67,5.3,106.9,101.7
,Jaren Jackson Jr.,Mem,F-C,19.55,58,26.1,54.4,22.9,12.7,197,0.766,448,0.551,142,0.359,0.548,0.59,13.8,4.7,10.1,1.1,7.3,0.9,1.41,1.69,6.4,108.1,96.5
,Demetrius Jackson,Phi,G,24.57,6,6.6,13.7,18.9,5.6,4,1,9,0.667,6,0.333,0.6,0.656,3.7,0.5,4,0.8,19.4,0.33,0,0.17,6.9,138.2,104.2
,Frank Jackson,Nor,G,20.91,61,19.2,39.9,18.5,8.9,73,0.74,278,0.507,170,0.312,0.492,0.515,8.1,2.2,5.9,1.1,8,0.41,0.03,0.77,5.6,102.1,109.9
,Josh Jackson,Pho,F,22.14,75,24.5,51,23.9,16.3,203,0.675,563,0.446,203,0.32,0.455,0.488,11.1,4.2,9.6,2.3,14.1,0.91,0.72,2.23,7.8,91.2,107.5
,Justin Jackson,Sac,F,24.01,52,20.8,43.4,12.9,6.5,50,0.82,136,0.515,159,0.346,0.517,0.546,6.7,2.8,6.9,1.3,8.1,0.44,0.25,0.42,5.6,114.1,109.8
,Justin Jackson,Dal,F,24.01,24,16.3,34,16.9,3.2,23,0.739,74,0.581,65,0.338,0.547,0.567,7,2.3,7.4,0.7,6.8,0.29,0.04,0.21,5.5,118.3,108.7
,Reggie Jackson,Det,G,28.96,77,28.2,58.7,24.2,11.3,226,0.867,541,0.471,440,0.368,0.508,0.552,15.5,2.6,5,4.2,24.2,0.68,0.1,1.78,7.8,112.4,104.9
,LeBron James,Lal,F,34.25,55,35.2,73.4,31.6,13.3,418,0.665,768,0.582,327,0.339,0.56,0.588,27.4,8.4,12.4,8.3,39.3,1.31,0.6,3.58,14.1,114.4,106.2
,Amile Jefferson,Orl,F,25.9,10,3.9,8.1,14.1,0,8,0.875,9,0.556,0,0,0.556,0.679,1.7,1.4,19.3,0.2,7.3,0.2,0.3,0,8,,
,John Jenkins,Was,G,28.07,4,3.6,7.4,5.9,0,0,0,0,0,2,1,1.5,1.5,1.5,0.3,3.8,0.3,9.6,0,0,0,5.7,,
,John Jenkins,Nyk,G,28.07,17,12.2,25.4,17.2,6,13,0.846,33,0.394,40,0.275,0.404,0.445,4.1,1.1,4.6,0.6,7.1,0,0.12,0.29,4.6,95,120
,Jonas Jerebko,Gol,F,32.09,67,16.8,35,15,9.9,78,0.821,151,0.583,171,0.363,0.562,0.598,6.4,4.1,13.1,1.3,10.1,0.34,0.24,0.58,7.7,123.2,102.1
,Alize Johnson,Ind,F,22.94,12,3,6.2,14.4,0,4,0.25,8,0.125,2,0.5,0.25,0.255,0.5,0.7,12.5,0,0,0,0.08,0,0,,
,Amir Johnson,Phi,C-F,31.92,48,10,20.9,17.6,22.3,36,0.75,104,0.577,37,0.297,0.543,0.574,3.8,2.7,14.1,1.2,16.5,0.31,0.25,0.94,9.2,106,91.5
,BJ Johnson,Atl,F,23.28,6,7.2,15,17.8,10.6,2,1,10,0.5,6,0.5,0.594,0.622,3.5,1.3,9.8,0,0,0.33,0,0.33,0,112.2,110
,James Johnson,Mia,F,32.11,50,21.3,44.4,17.9,14.4,64,0.703,213,0.474,139,0.345,0.491,0.514,7.8,3.3,8.2,2.4,16.4,0.66,0.5,1.28,7.4,101.8,101.5
,Stanley Johnson,Det,F,22.84,48,20,41.7,19.1,12.9,51,0.804,168,0.488,181,0.282,0.454,0.482,7.5,3.6,10,1.3,9.4,1,0.27,1.15,6.5,94.9,100.4
,Stanley Johnson,Nor,F,22.84,17,13.2,27.5,20,21.9,10,0.6,51,0.451,30,0.3,0.451,0.463,4.6,2.4,9.5,1.5,15.2,0.65,0.06,1.41,7.7,85.9,105.9
,Tyler Johnson,Mia,G,26.9,44,25.5,53.2,19.2,12.5,88,0.693,197,0.503,204,0.353,0.516,0.54,10.8,2.7,5.6,2.5,14.9,0.91,0.48,1.43,6.6,105.8,106.2
,Tyler Johnson,Pho,G,26.9,13,31.2,65,16.5,9,39,0.872,69,0.406,56,0.321,0.44,0.506,11.1,4,7.1,4.2,18.7,1.08,0.46,1.08,7.3,112,114.1
,Wesley Johnson,Nor,F-G,31.73,26,14.5,30.2,11.2,10.7,9,0.667,38,0.421,50,0.38,0.506,0.517,3.7,2.1,7.4,0.6,5.2,0.46,0.27,0.42,4.6,103.2,104.4
,Wesley Johnson,Was,F-G,31.73,12,13.1,27.2,13.7,11.9,10,0.7,14,0.286,26,0.231,0.325,0.372,2.8,1.5,6.2,0.6,5.6,0.17,0.42,0.5,4.2,77.4,107.4
,Nikola Jokic,Den,C,24.12,75,31.4,65.5,27.5,15.2,338,0.828,884,0.564,255,0.318,0.545,0.591,20.3,10.9,18.8,7.4,37.4,1.31,0.71,3.07,15,120.2,99.2
,Derrick Jones Jr.,Mia,F-G,22.13,57,19.1,39.8,15.9,10.2,113,0.602,223,0.561,90,0.311,0.534,0.554,7.1,4.1,11.5,0.6,4.9,0.81,0.72,0.72,5.4,113.2,99.5
,Damian Jones,Gol,C,23.76,24,17.1,35.6,11.1,15.1,37,0.649,74,0.716,0,0,0.716,0.72,5.4,3.1,9.8,1.2,8.8,0.5,1.04,0.67,6.4,137.6,98.9
,Jalen Jones,Cle,F,25.85,16,13.4,27.9,16.7,9.8,27,0.704,34,0.471,28,0.357,0.5,0.548,5.1,2.1,8.5,0.4,4.8,0.56,0.13,0.5,4.8,111,106
,Terrence Jones,Hou,F,27.23,2,2.6,5.3,46.4,18.4,1,0,2,0.5,2,0,0.25,0.225,1,2,43.6,0,0,0,0,0.5,0,,
,Tyus Jones,Min,G,22.89,63,22.2,46.2,14.1,9.8,65,0.831,283,0.442,114,0.316,0.451,0.484,6.5,1.9,4.6,4.5,27.5,1.24,0.08,0.73,6.9,114.4,112
,DeAndre Jordan,Dal,C,30.7,50,31.1,64.8,14.4,21.3,198,0.682,323,0.644,0,0,0.644,0.672,11,13.7,23.7,2,9.5,0.64,1.06,2.22,8.6,121.5,99.8
,DeAndre Jordan,Nyk,C,30.7,19,26,54.1,16.7,21.6,66,0.773,123,0.634,0,0,0.634,0.681,10.9,11.3,22.9,3,18.2,0.47,1.05,2.21,11,125.2,104
,Cory Joseph,Ind,G,27.62,78,25.2,52.5,13.6,12.5,39,0.667,352,0.46,164,0.317,0.465,0.475,6.5,3.4,7.4,3.8,20,1.14,0.27,0.97,7,104.5,103.7
,Frank Kaminsky,Cha,F-C,26,42,14.8,30.8,21.3,11.7,75,0.733,128,0.547,111,0.36,0.544,0.579,7.5,3.2,11.6,1.3,13.3,0.24,0.26,0.86,8.5,114.1,106.5
,Enes Kanter,Nyk,C,26.87,44,25.6,53.4,22.8,13.1,129,0.814,446,0.547,22,0.318,0.544,0.585,14,10.5,21.5,1.9,13,0.41,0.41,1.8,10.2,117.7,104.7
,Enes Kanter,Por,C,26.87,19,20.2,42.1,23.2,13.8,56,0.768,147,0.592,10,0.2,0.573,0.614,11.7,7.7,20.4,1.3,10.2,0.47,0.47,1.53,9.7,121.8,98.2
,Luke Kennard,Det,G,22.77,58,22.7,47.4,17.9,8.9,54,0.815,236,0.483,240,0.392,0.536,0.554,9.6,2.9,6.9,1.8,12.2,0.43,0.16,0.84,6.5,110.4,107
,Michael Kidd-Gilchrist,Cha,F,25.52,61,18.6,38.7,15.7,9.9,121,0.769,279,0.502,42,0.31,0.497,0.55,6.8,3.9,11.4,0.9,7.2,0.51,0.62,0.67,6.2,115.7,101.8
,George King,Pho,F,25.21,1,5.9,12.3,0,,0,0,0,0,0,0,,,0,1,9.4,0,0,0,0,0,0,,120.4
,Maxi Kleber,Dal,F,27.17,68,21.1,44,13.6,11,70,0.8,160,0.6,212,0.354,0.56,0.587,7,4.5,11.5,1,6.8,0.53,1.12,0.74,6,117.2,102.8
,Brandon Knight,Hou,G,27.33,12,9.8,20.5,20.9,8.8,11,0.818,15,0.4,32,0.156,0.287,0.347,3,0.8,4.2,0.8,10.7,0.17,0,0.42,5.1,78.7,105.2
,Brandon Knight,Cle,G,27.33,23,21.8,45.4,17.5,10,14,0.786,93,0.484,81,0.383,0.526,0.538,8.4,1.7,4.2,2.3,16.2,0.7,0.04,0.87,5.9,109.5,112.8
,Kevin Knox,Nyk,F,19.64,70,28.5,59.5,22.2,10.3,199,0.729,512,0.385,334,0.347,0.439,0.475,12.7,4.4,8.1,1,5.7,0.56,0.31,1.53,5.4,93.7,109.3
,Furkan Korkmaz,Phi,G-F,21.69,46,14.2,29.6,17.8,9,42,0.833,95,0.505,139,0.331,0.5,0.533,5.8,2.3,8.6,1.1,11,0.61,0.04,0.54,6.9,108.2,102.9
,Luke Kornet,Nyk,F-C,23.72,41,15.8,32.9,18.1,7.6,42,0.833,72,0.375,164,0.378,0.508,0.54,6.7,2.6,8.5,1.1,10.6,0.63,0.71,0.51,6.8,111.7,110.7
,Kyle Korver,Cle,G-F,38.04,16,15.7,32.7,17.4,17,16,0.813,22,0.455,54,0.463,0.625,0.65,6.8,1.8,6.4,1.1,10.1,0.19,0.13,1.06,6.1,111.9,111.9
,Kyle Korver,Uta,G-F,38.04,54,20,41.8,18.7,8.9,57,0.825,113,0.469,294,0.384,0.547,0.569,9.1,2.5,6.6,1.2,8.7,0.41,0.19,0.78,6,108.7,102.4
,Kosta Koufos,Sac,C,30.1,39,11.9,24.8,15.2,14.1,22,0.409,137,0.46,0,0,0.46,0.46,3.5,4.3,18.6,0.9,10,0.38,0.44,0.62,8,100.8,96.8
,Rodions Kurucs,Bro,F,21.15,59,20.5,42.6,17.9,14,87,0.782,242,0.55,161,0.329,0.527,0.559,8.4,3.7,9.7,0.8,5.6,0.68,0.44,1.22,5.7,103.3,100.7
,Kyle Kuzma,Lal,F,23.69,70,33.1,68.9,23.8,9.9,250,0.752,665,0.553,422,0.303,0.515,0.546,18.7,5.5,8.5,2.5,11.5,0.57,0.37,1.89,7.7,105.8,106.8
,Skal Labissiere,Sac,F,23.04,13,8.7,18.2,15.3,16.7,11,0.545,19,0.474,11,0.364,0.5,0.517,2.8,1.8,10.9,0.5,6.8,0.15,0.23,0.54,6.3,95.9,95.1
,Skal Labissiere,Por,F,23.04,7,2.5,5.3,9.3,51.5,2,0,1,1,0,0,1,0.532,0.3,0.4,9,0.6,27.8,0.14,0.14,0.29,6.7,,
,Jeremy Lamb,Cha,G,26.84,74,28.5,59.3,22.4,7,237,0.89,608,0.482,308,0.341,0.492,0.545,15,5.6,10.5,2.1,11.6,1.04,0.42,1.04,7.9,111.8,107.7
,Zach LaVine,Chi,G,24.06,63,34.5,71.8,30.5,14.2,375,0.832,814,0.504,321,0.374,0.52,0.574,23.7,4.7,7.4,4.5,22.7,0.95,0.41,3.43,9.2,106.3,110.8
,Jake Layman,Por,F,25.07,66,18.5,38.6,15.8,9.2,66,0.712,218,0.661,169,0.32,0.581,0.597,7.5,3.1,8.9,0.7,5.5,0.44,0.45,0.64,5.5,118.2,105.7
,TJ Leaf,Ind,F,21.92,54,8.4,17.4,16.7,6.4,26,0.577,122,0.615,28,0.25,0.57,0.576,3.4,2,13,0.4,6.8,0.13,0.28,0.2,6.6,119,103.5
,Courtney Lee,Nyk,G,33.5,12,13.4,27.8,15.4,8.6,14,0.643,31,0.516,16,0.313,0.5,0.527,4.7,2.3,8.8,1.3,15.1,0.67,0.17,0.42,7.2,112.8,107.6
,Courtney Lee,Dal,G,33.5,18,10.3,21.4,14.2,9.8,7,0.714,27,0.407,25,0.24,0.385,0.408,2.5,0.8,4.4,0.6,7.6,0.44,0.06,0.33,4.1,85,106.2
,Damion Lee,Gol,G,26.44,27,11,23,16,9,15,0.8,44,0.5,51,0.373,0.532,0.556,4.2,1.7,8.1,0.2,2.6,0.37,0,0.37,4.1,105.2,105.5
,Alex Len,Atl,C,25.8,72,19.6,40.9,21.9,12.5,191,0.67,412,0.556,170,0.341,0.543,0.571,10.6,5.5,14.7,1,8.1,0.35,0.86,1.32,7.9,111.1,104.1
,Kawhi Leonard,Tor,F,27.76,56,34.2,71.1,30.3,8.7,408,0.86,775,0.539,278,0.374,0.545,0.608,26.8,7.4,11.7,3.3,16.4,1.86,0.43,2.09,10.2,119.9,104.6
,Meyers Leonard,Por,F-C,27.09,59,14,29.3,14.8,13.8,49,0.837,120,0.625,109,0.45,0.648,0.674,5.7,3.8,14.3,1.2,12,0.22,0.15,0.68,8.5,129.3,99.9
,Jon Leuer,Det,F,29.89,39,10,20.8,16.5,15.4,31,0.742,101,0.634,12,0.083,0.58,0.608,3.9,2.4,13.3,0.4,5.6,0.31,0.1,0.59,6.2,111.8,95.3
,Caris LeVert,Bro,G,24.6,36,26.7,55.7,24.3,11.7,110,0.709,301,0.478,141,0.298,0.468,0.502,13.7,3.8,7.6,3.9,22.9,1.08,0.36,1.81,8.8,103.4,105.7
,Damian Lillard,Por,G,28.72,76,35.5,73.9,29.5,10.8,490,0.91,857,0.499,609,0.373,0.524,0.59,26.1,4.6,6.9,6.8,30.7,1.12,0.42,2.67,10.5,121.3,108.9
,Jeremy Lin,Atl,G,30.61,51,19.7,41,22.7,17.6,168,0.845,254,0.535,132,0.333,0.523,0.594,10.7,2.3,6.3,3.5,26.9,0.75,0.14,1.92,9,112.5,108.6
,Jeremy Lin,Tor,G,30.61,20,19.6,40.9,20,12,38,0.789,93,0.473,51,0.216,0.42,0.47,7.6,2.7,7.4,2.2,15.4,0.4,0.3,1.1,7.3,96.9,100.6
,Shaun Livingston,Gol,G,33.56,60,15.3,31.8,12.3,14.1,49,0.816,202,0.515,2,0,0.51,0.55,4.1,1.9,6.6,1.9,15.3,0.5,0.42,0.62,6.4,117.5,108.4
,Zach Lofton,Det,G,26.37,1,3.8,7.9,22.7,50,0,0,0,0,1,0,0,0,0,0,0,0,0,1,0,1,0,,
,Kevon Looney,Gol,F,23.15,74,19,39.5,12.4,11.8,105,0.619,304,0.638,10,0.1,0.623,0.633,6.2,5.4,15.1,1.6,10.7,0.53,0.7,0.65,7.9,136.8,98.8
,Brook Lopez,Mil,C,31,78,28.7,59.7,16.8,9.1,129,0.837,259,0.622,497,0.372,0.58,0.606,12.6,4.8,8.5,1.2,5.7,0.62,2.19,1.04,5.8,113.4,100.4
,Robin Lopez,Chi,C,31,70,21.4,44.6,18.8,14.3,119,0.723,474,0.586,26,0.231,0.574,0.597,9.4,3.9,9.8,1.2,9,0.16,1.06,1.31,6.6,113.6,110.8
,Kevin Love,Cle,F-C,30.57,21,27.9,58.1,27.7,11.3,114,0.904,135,0.407,144,0.361,0.477,0.561,17.6,11.2,22.3,2.2,12.6,0.24,0.29,2,10.9,111.9,105.4
,Kyle Lowry,Tor,G,33.02,62,33.9,70.6,19.7,18.3,186,0.828,274,0.515,433,0.353,0.524,0.567,14.4,4.7,7.5,8.8,35.5,1.42,0.5,2.85,9.9,115.2,103.4
,Jordan Loyd,Tor,G,25.68,11,4.3,9,18.4,9.8,10,0.8,7,0.429,7,0.429,0.536,0.625,2.1,0.7,9.1,0.5,17,0,0,0.18,8.4,128.4,102
,Kalin Lucas,Det,G,29.86,1,5.6,11.7,14.5,0,2,1,0,0,1,0,0,0.532,2,3,29.3,1,22.1,0,0,0,13,140.7,84.9
,Timothe Luwawu-Cabarrot,Okc,G-F,23.9,21,5.8,12.2,16.5,8.1,6,0.667,21,0.381,22,0.227,0.36,0.383,1.7,0.9,7.6,0.2,4.2,0.19,0.05,0.19,4.6,83.7,100
,Timothe Luwawu-Cabarrot,Chi,G-F,23.9,25,17.6,36.6,15.5,9,23,0.739,58,0.448,74,0.351,0.492,0.517,5.9,2.4,7.4,0.8,6.2,0.56,0.2,0.56,5.1,101.1,105.7
,Tyler Lydon,Den,F,22.98,24,3.7,7.8,10.6,17.9,3,0.333,7,0.571,10,0.4,0.588,0.573,0.9,0.7,10.2,0.2,7.1,0.08,0,0.17,5.4,,
,Trey Lyles,Den,F,23.41,60,17.8,37.1,23.4,11.1,112,0.696,283,0.527,189,0.249,0.465,0.496,8.6,3.9,11.8,1.4,11.1,0.48,0.4,1.08,8.1,99.7,103.1
,Scott Machado,Lal,G,28.82,4,4.8,10,13.9,0,1,1,5,0.6,1,1,0.75,0.776,2.5,0,0,0.8,23.1,0.25,0,0,0,165.2,105.6
,Shelvin Mack,Mem,G,28.95,53,22.7,47.3,18,12.8,75,0.707,261,0.441,128,0.359,0.473,0.499,7.9,1.9,4.8,3.4,23.4,0.83,0.08,1.17,6.5,102.6,107.2
,Shelvin Mack,Cha,G,28.95,4,10.6,22,22.3,18.2,9,0.556,12,0.167,2,0,0.143,0.251,2.3,0.5,2.5,0.3,3,0.5,0,1,2.6,47.4,109.6
,Daryl Macon,Dal,G,23.34,6,6.1,12.6,16.6,21.4,0,0,10,0.3,1,0,0.273,0.273,1,0.5,4.4,0.7,15.3,0.17,0,0.5,4.6,63.4,101.1
,J.P. Macura,Cha,G,23.83,1,13.8,28.8,24.9,0,0,0,4,0.5,4,0,0.25,0.25,4,2,7.8,2,21.2,0,0,0,7.3,67.7,117.5
,Ian Mahinmi,Was,C,32.41,32,14.2,29.5,12.5,15,60,0.683,74,0.554,13,0.077,0.489,0.556,3.9,3.4,13.2,0.8,6.9,0.75,0.47,0.63,6.2,116.1,98.1
,Thon Maker,Mil,F,22.1,35,11.7,24.4,16.3,5.7,37,0.541,56,0.589,78,0.333,0.537,0.546,4.7,2.7,11.9,0.5,5.8,0.29,0.51,0.26,6.3,112.4,93.7
,Thon Maker,Det,F,22.1,24,19.3,40.3,14.1,12.5,41,0.756,51,0.471,64,0.344,0.496,0.545,6,3.8,10.7,1,7.3,0.38,1.13,0.79,5.9,109.8,103.9
,Boban Marjanovic,Lac,C,30.63,34,11.1,23,24.6,16.9,95,0.758,138,0.616,2,0,0.607,0.666,7.1,4.5,21.5,0.6,9.3,0.29,0.5,1.09,9.6,123.3,95.3
,Boban Marjanovic,Phi,C,30.63,17,13.5,28.1,21.5,15.3,33,0.727,81,0.617,4,0.5,0.624,0.653,7.6,5,19.6,1.1,13.2,0.12,0.47,1.06,10.3,122.1,98.7
,Lauri Markkanen,Chi,F,21.86,52,32.3,67.4,25.1,8.9,195,0.872,463,0.479,332,0.361,0.506,0.553,18.7,9.1,15.3,1.4,7.2,0.71,0.63,1.65,7.7,107.4,106.9
,Jarell Martin,Orl,F,24.86,39,7.6,15.7,16.7,9.7,11,0.818,45,0.467,52,0.385,0.526,0.545,2.8,1.7,11.8,0.4,7.4,0.05,0.21,0.28,6.5,106.1,96.5
,Frank Mason,Sac,G,25,35,11.5,24,20.6,15,53,0.679,94,0.532,53,0.208,0.452,0.496,4.8,1.1,5,2.3,27.4,0.46,0.11,0.86,8,103,108.5
,Wesley Matthews,Dal,G-F,32.47,44,29.8,62.1,18.9,10.1,110,0.791,206,0.456,263,0.38,0.52,0.556,13.1,2.3,4.2,2.3,11.7,0.77,0.25,1.32,5.5,109.1,107.4
,Wesley Matthews,Nyk,G-F,32.47,2,27,56.1,18.3,8.6,5,0.8,9,0.222,10,0.2,0.263,0.33,7,1.5,2.9,2.5,12.9,0.5,0.5,1,4.4,78.3,116.9
,Wesley Matthews,Ind,G-F,32.47,21,32.3,67.4,15.9,11.3,48,0.854,77,0.403,121,0.372,0.497,0.543,11.3,3,5.1,2.5,10.4,0.9,0.19,1.33,5.4,107.3,104.3
,Luc Mbah a Moute,Lac,F,32.56,4,15.3,31.8,15.4,9,5,0.4,12,0.5,6,0.333,0.5,0.495,5,1.8,6.1,0.5,4.5,0.25,0.25,0.5,4.3,98.3,103
,Tahjere McCall,Bro,G,24.63,1,8,16.7,18.1,0,1,0,2,1,1,0,0.667,0.581,4,1,6.6,0,0,0,0,0,0,107.6,89
,Patrick McCaw,Cle,G,23.44,3,17.6,36.7,9.9,25,0,0,5,0.2,4,0.25,0.278,0.278,1.7,1,3.1,0.7,4.9,0.67,0,1,2.4,51.8,119.4
,Patrick McCaw,Tor,G,23.44,26,13.2,27.6,9.3,18.8,15,0.867,30,0.533,24,0.333,0.519,0.569,2.7,1.7,7.1,1,9.8,0.81,0.12,0.54,5,110.2,99.2
,CJ McCollum,Por,G,27.54,68,34.1,71.1,25.5,7.4,189,0.831,783,0.508,434,0.38,0.53,0.557,21.3,4,6.3,2.9,13.6,0.79,0.38,1.53,7.4,113.6,107.8
,T.J. McConnell,Phi,G,27.02,71,19.4,40.4,14.9,17.4,35,0.8,346,0.543,43,0.326,0.537,0.551,6.3,2.3,6.2,3.5,25.4,1.07,0.21,1.2,7.6,110.5,104.9
,Doug McDermott,Ind,F,27.24,73,17.1,35.6,16.2,8.7,71,0.845,197,0.579,193,0.399,0.588,0.616,7.1,1.4,4.6,0.8,6.9,0.22,0.1,0.55,4.7,116.6,105.5
,JaVale McGee,Lal,C,31.2,70,22.2,46.2,20,12.8,143,0.65,581,0.63,8,0.125,0.624,0.635,11.8,7.5,17.5,0.7,4.7,0.66,1.97,1.37,7.1,119,98.6
,Rodney McGruder,Mia,G-F,27.68,63,23.9,49.9,15.5,11.5,70,0.743,228,0.456,224,0.353,0.492,0.515,7.9,3.6,8,1.7,10.4,0.54,0.19,1,6.1,104.8,105
,Alfonzo McKinnie,Gol,F,26.54,66,13.6,28.4,14.1,9.1,42,0.571,147,0.585,105,0.352,0.562,0.568,4.7,3.4,13.4,0.4,3.9,0.24,0.2,0.41,5.5,117.2,99.8
,Ben McLemore,Sac,G,26.14,19,8.3,17.3,19.5,6.7,12,0.667,23,0.348,41,0.415,0.523,0.541,3.9,0.9,5.6,0.2,3.5,0.32,0.16,0.26,4.3,105.1,101.3
,Jordan McRae,Was,G,28.01,25,11.6,24.1,20.2,8.7,31,0.839,85,0.506,27,0.333,0.504,0.553,5.6,1.5,7.1,0.9,11.1,0.4,0.2,0.48,6.8,109.4,110.2
,Jodie Meeks,Tor,G,31.61,6,12.5,25.9,18.1,3.2,1,1,16,0.625,14,0.429,0.633,0.641,6.5,1.8,7.9,0.8,10.2,0.17,0.17,0.17,6.7,127.7,108.6
,Salah Mejri,Dal,C,32.8,32,9.9,20.6,14.1,17.3,20,0.7,59,0.525,18,0.389,0.539,0.565,3,3.3,17.8,0.8,12.1,0.28,0.53,0.56,8.1,114.9,95.3
,De'Anthony Melton,Pho,G,20.85,46,19.5,40.6,14.7,21.8,20,0.75,140,0.429,91,0.308,0.442,0.457,4.8,2.6,7.4,3.2,22.3,1.37,0.48,1.46,7,92.6,105.4
,Chimezie Metu,San,F,22.03,29,5,10.4,24.3,18.6,17,0.765,56,0.339,2,0,0.328,0.389,1.8,1.2,13.5,0.4,12,0.21,0.07,0.52,7.6,79.5,101.8
,Khris Middleton,Mil,F,27.64,73,31.5,65.5,24.7,12.1,244,0.836,633,0.48,446,0.379,0.517,0.556,18.1,6.1,9.9,4.3,19.9,1.04,0.08,2.25,9.9,108.8,100.2
,CJ Miles,Tor,F-G,32.04,40,14.1,29.3,18.8,8.5,44,0.795,69,0.391,137,0.314,0.444,0.484,5.5,1.7,6.3,0.6,5.2,0.48,0.23,0.53,5,97.3,100.9
,CJ Miles,Mem,F-G,32.04,13,22.6,47.2,18.2,7.5,14,0.929,39,0.462,66,0.364,0.514,0.544,9.3,2.1,5.2,1.1,7.5,0.62,0.38,0.69,4.9,104.1,108.4
,Darius Miller,Nor,F,29.03,69,25.5,53.1,13.4,10.3,71,0.789,120,0.467,364,0.365,0.528,0.55,8.2,1.8,3.7,2.1,10.4,0.58,0.33,0.86,4.9,109.5,109
,Malcolm Miller,Tor,F,26.07,9,6.5,13.5,19,3.9,2,1,3,0,21,0.476,0.625,0.643,3.6,0.4,3.7,0.1,2.5,0.11,0.11,0.11,3.2,121.3,107.2
,Paul Millsap,Den,F,34.14,65,27.2,56.7,19.6,10.7,233,0.725,479,0.524,145,0.366,0.53,0.571,12.8,7.3,14.5,2,10.5,1.23,0.8,1.34,8.4,116.8,100.1
,Patty Mills,San,G,30.64,77,23.5,48.9,18.5,12.1,99,0.848,249,0.474,374,0.39,0.541,0.569,9.8,2.3,5.2,3,17.5,0.6,0.12,1.19,6.9,111.4,108.4
,Shake Milton,Phi,G,22.51,16,11.3,23.6,15.5,6,5,0.8,30,0.567,31,0.355,0.549,0.562,4.4,1.4,6.4,0.8,10.2,0.31,0.25,0.25,6,116.7,103
,Nikola Mirotic,Nor,F,28.14,32,28.9,60.2,21.7,7.6,101,0.842,176,0.551,231,0.368,0.552,0.591,16.7,8.3,14.8,1.1,5.3,0.66,0.78,1.16,7.4,116.2,104.5
,Nikola Mirotic,Mil,F,28.14,14,22.9,47.7,20.5,7,23,0.87,48,0.521,87,0.356,0.53,0.562,11.6,5.4,11.9,1.4,8.6,0.71,0.64,0.79,7.8,113.7,100.5
,Donovan Mitchell,Uta,G,22.57,73,33.7,70.2,31.6,11.6,362,0.798,956,0.47,493,0.355,0.491,0.532,23.5,4.1,6.5,4.1,20.8,1.38,0.42,2.9,8.7,103.2,101.1
,Naz Mitrou-Long,Uta,G,25.66,11,4.1,8.5,13.3,21.4,0,0,4,0.5,7,0.143,0.318,0.318,0.6,0.2,2.4,0.5,14.5,0,0,0.27,3.8,68.9,101.8
,Malik Monk,Cha,G,21.16,68,17.2,35.7,25.2,12.1,102,0.882,246,0.451,312,0.333,0.478,0.518,9.2,1.7,5.4,1.6,14.5,0.5,0.22,1.22,6.8,99.3,108.1
,Greg Monroe,Tor,C,28.83,38,11.1,23.2,22.3,14.6,61,0.574,157,0.471,4,0,0.46,0.487,4.8,4.1,19.9,0.4,5.4,0.34,0.21,0.84,7.2,100.8,93.6
,Greg Monroe,Bos,C,28.83,2,2.4,5,44.9,0,0,0,5,0.6,0,0,0.6,0.6,3,1.5,33.4,0.5,84.7,0,0,0,21.8,,
,E'Twaun Moore,Nor,G,30.1,53,27.6,57.5,17.3,9.6,59,0.763,356,0.506,176,0.432,0.553,0.567,11.9,2.4,4.5,1.9,9.6,0.75,0.15,1.11,5.5,110,110.6
,Eric Moreland,Pho,F-C,27.27,1,5,10.4,0,,0,0,0,0,0,0,,,0,3,33.3,0,0,0,0,0,0,,84.7
,Eric Moreland,Tor,F-C,27.27,3,10.3,21.5,12.5,33.3,0,0,5,0.4,1,1,0.583,0.583,2.3,4.3,22.7,1.3,16.7,0,0,1,9.1,105.8,80.3
,Jaylen Morris,Mil,G,23.54,4,7.1,14.8,17.5,8.4,2,0.5,7,0.429,3,0.333,0.45,0.46,2.5,1.3,8.9,1,18.5,0.5,0,0.25,8.3,99.9,101.8
,Marcus Morris,Bos,F,29.58,73,27.9,58.1,20.8,9.1,164,0.835,444,0.514,378,0.378,0.538,0.571,14,6.1,11.7,1.4,7.5,0.59,0.32,1.23,7.1,110.7,102.6
,Markieff Morris,Was,F,29.58,34,26,54.1,19.6,11.5,73,0.781,184,0.516,144,0.333,0.509,0.543,11.5,5.1,10.6,1.8,9.7,0.71,0.59,1.38,7.3,105.7,103.4
,Markieff Morris,Okc,F,29.58,19,15.6,32.6,17.7,4.6,16,0.75,68,0.382,48,0.313,0.418,0.443,5.7,3.2,10.6,0.7,6.4,0.47,0.11,0.32,6,97.9,95.1
,Monte Morris,Den,G,23.77,76,24.2,50.4,16.9,6.9,71,0.789,437,0.529,210,0.41,0.556,0.572,10.2,2.4,5.4,3.7,21.9,0.88,0.05,0.66,7.4,123.7,108.6
,Johnathan Motley,Lac,F,23.91,20,7,14.6,28.8,15.7,36,0.639,62,0.532,3,0,0.508,0.55,4.5,2.1,15.9,0.5,11.5,0.2,0.15,0.75,9.6,104.4,95.1
,Emmanuel Mudiay,Nyk,G,23.07,58,27,56.3,25.6,14.6,178,0.775,523,0.495,204,0.333,0.497,0.534,14.8,3.3,6.4,3.8,23.8,0.71,0.31,2.38,8.5,102.6,111.7
,Jamal Murray,Den,G,22.1,70,32.7,68.1,24.9,11.2,204,0.853,709,0.475,388,0.366,0.501,0.537,18.2,4.1,6.9,4.8,22,0.84,0.36,2.13,8.7,109.6,107.3
,Dzanan Musa,Bro,G-F,19.9,8,4.3,8.9,30.8,16.1,2,0,11,0.727,9,0,0.4,0.383,2,0.5,6.2,0.1,5,0.25,0,0.5,4.3,67.3,109.7
,Mike Muscala,Phi,F-C,27.75,47,22.2,46.2,14.3,12.1,77,0.818,79,0.519,199,0.342,0.514,0.56,7.4,4.3,10.2,1.3,7.9,0.38,0.57,0.91,6.2,112.3,102.5
,Mike Muscala,Lal,F-C,27.75,12,10.1,21,15,2.3,4,0.75,11,0.636,30,0.233,0.427,0.444,3.2,1.3,6.8,0.7,8.6,0.25,0.58,0.08,5.7,98.9,105.7
,Svi Mykhailiuk,Lal,F,21.81,39,10.8,22.5,15.8,12.5,20,0.6,46,0.37,85,0.318,0.439,0.454,3.3,0.8,4.1,0.8,10.1,0.33,0.03,0.51,4.8,91.7,109.7
,Svi Mykhailiuk,Det,G,21.81,3,6.6,13.8,19.6,11.1,0,0,4,0,4,0.5,0.375,0.375,2,0.7,5.5,1.3,28.6,0.33,0,0.33,7.4,96.3,113.7
,Abdel Nader,Okc,F,25.52,58,11.6,24.2,14.5,9.6,35,0.771,108,0.5,93,0.333,0.5,0.527,3.9,1.9,8.3,0.3,3.6,0.33,0.21,0.4,4.5,103.1,101
,Larry Nance Jr.,Cle,F,26.25,63,26.4,55,15.5,15.7,130,0.708,352,0.568,89,0.337,0.556,0.584,9.2,7.9,16.6,3.1,17.7,1.46,0.59,1.48,9.2,119.9,104.4
,Shabazz Napier,Bro,G,27.72,55,17.3,36.1,24,12.1,138,0.833,203,0.453,215,0.326,0.471,0.532,9.3,1.7,5.3,2.5,22.2,0.76,0.29,1.2,7.9,107.7,106.7
,Nene,Hou,C-F,36.55,39,13.2,27.4,11.5,7.4,45,0.644,104,0.529,2,0,0.519,0.552,3.6,3,12.7,0.6,6.2,0.46,0.36,0.26,5.6,122.1,97
,Raul Neto,Uta,G,26.87,36,12.6,26.2,18.7,16.7,29,0.862,95,0.547,57,0.333,0.53,0.564,5.2,1.7,7.2,2.5,29,0.39,0.08,0.92,8.9,112,98.3
,Georges Niang,Uta,F,25.79,54,7.1,14.7,17.9,10,17,0.765,51,0.529,85,0.4,0.574,0.589,3.1,1.3,10.1,0.4,9.3,0.13,0.06,0.3,6.6,111.4,97.6
,Joakim Noah,Mem,C,34.1,42,16.5,34.4,20.1,16.1,109,0.716,212,0.519,1,0,0.516,0.571,7.1,5.7,19.3,2.1,20.7,0.48,0.74,1.19,10.7,113.5,93.8
,Nerlens Noel,Okc,F-C,24.98,72,13.8,28.7,13.8,12.2,74,0.662,262,0.58,0,0,0.58,0.599,4.9,4.3,16.2,0.6,5.7,0.85,1.24,0.57,6.8,122.3,91.4
,Dirk Nowitzki,Dal,F,40.79,46,14.6,30.4,21.1,4.5,45,0.756,125,0.416,170,0.318,0.451,0.476,6.5,2.7,9.9,0.6,6.2,0.17,0.35,0.33,6,97.8,102.5
,Frank Ntilikina,Nyk,G,20.68,43,21,43.8,16.5,15.9,30,0.767,167,0.371,115,0.287,0.395,0.417,5.7,2,5.1,2.8,19.6,0.7,0.33,1.3,6,88.2,106.3
,James Nunnally,Min,F,28.72,13,4.9,10.3,15.6,4.2,4,1,8,0.5,13,0.385,0.548,0.593,2.1,0.3,3.3,0.4,10.9,0.08,0,0.08,5.2,124.9,113.1
,James Nunnally,Hou,F,28.72,2,18.8,39.1,15.1,0,0,0,1,0,12,0.25,0.346,0.346,4.5,0.5,1.5,1,7.4,0,0,0,2.8,83.7,102.9
,Jusuf Nurkic,Por,C,24.61,72,27.4,57.1,24.7,14.6,365,0.773,797,0.523,29,0.103,0.51,0.57,15.6,10.4,20.2,3.2,17.9,0.97,1.43,2.33,11.7,116.3,96.6
,David Nwaba,Cle,G,26.21,47,19.3,40.2,14.5,7.6,82,0.671,171,0.544,72,0.333,0.531,0.561,6.7,3,8.7,1,8,0.72,0.36,0.49,5.6,116.7,107.7
,Semi Ojeleye,Bos,F,24.32,53,10.3,21.4,13.5,11.1,35,0.657,57,0.579,80,0.325,0.526,0.548,3.2,1.5,7.8,0.4,4.6,0.17,0.08,0.36,4.8,107.3,106.3
,Jahlil Okafor,Nor,C,23.3,55,14.8,30.9,19.4,10.9,80,0.65,306,0.588,3,0,0.583,0.598,7.5,4.4,15.5,0.6,5.9,0.24,0.65,0.76,7.3,115.4,103.8
,Elie Okobo,Pho,G,21.44,49,17.5,36.5,16.8,18.4,42,0.762,138,0.464,118,0.28,0.443,0.472,5.3,1.9,6,2.3,18.8,0.57,0.12,1.27,6.5,92.2,107.8
,Josh Okogie,Min,G,20.58,69,23.7,49.5,15.7,10.3,157,0.726,273,0.469,207,0.28,0.448,0.495,7.9,3.1,6.9,1.2,6.8,1.13,0.43,0.91,5.2,101,106.7
,Victor Oladipo,Ind,G,26.91,36,31.9,66.4,27.9,11.2,141,0.73,372,0.47,216,0.343,0.486,0.519,18.8,5.6,9.8,5.2,25.2,1.67,0.31,2.28,10.3,104.2,102.1
,Kelly Olynyk,Mia,F,27.95,74,23.1,48.1,18.3,14.9,181,0.823,235,0.604,304,0.352,0.561,0.609,10.2,4.8,11.1,1.8,11.8,0.7,0.41,1.46,7.7,114.5,99.8
,Royce O'Neale,Uta,F,25.83,77,19.7,41,11.2,16.1,41,0.756,157,0.561,158,0.405,0.584,0.599,5.2,3.4,9.3,1.5,10,0.68,0.3,0.83,6.1,109.9,97.6
,Kyle O'Quinn,Ind,C,29.02,42,8.4,17.4,20,18.7,19,0.789,111,0.559,11,0.091,0.52,0.545,3.4,2.7,17.9,1.3,22.2,0.21,0.55,0.71,10.9,106.9,87.4
,Cedi Osman,Cle,F,23.98,72,32.1,66.8,18.6,11.1,173,0.78,443,0.481,354,0.347,0.499,0.533,12.9,4.7,8.2,2.6,12.4,0.75,0.15,1.51,6.7,106,111.4
,Kelly Oubre Jr.,Was,F,23.31,29,26,54.2,21,8.1,85,0.8,173,0.526,132,0.311,0.5,0.545,12.9,4.4,9.3,0.7,3.8,0.93,0.69,1.03,5.2,105.4,107.3
,Kelly Oubre Jr.,Pho,F,23.31,40,29.5,61.5,24.7,10.9,159,0.761,330,0.533,206,0.325,0.516,0.556,16.9,4.9,9.2,1.6,8.8,1.45,0.98,1.85,6.9,105.2,108.7
,Zaza Pachulia,Det,C,35.14,64,13,27.1,14.8,18.8,115,0.774,178,0.455,4,0,0.445,0.54,3.9,3.9,16.5,1.4,14.7,0.47,0.27,0.84,8.5,114.2,92.2
,Jabari Parker,Chi,F,24.05,39,26.7,55.7,24.9,14.1,108,0.731,350,0.523,114,0.325,0.514,0.543,14.3,6.2,12.6,2.2,13.2,0.62,0.36,2.15,8.7,100.6,106.9
,Jabari Parker,Was,F,24.05,24,27.9,58.2,23.9,17.2,74,0.676,201,0.622,79,0.304,0.575,0.595,15.5,7.3,14.3,2.8,15.5,0.96,0.63,2.71,9.8,106.1,106.4
,Tony Parker,Cha,G,36.88,56,17.9,37.3,25.4,12.7,124,0.734,412,0.485,51,0.255,0.474,0.512,9.5,1.5,4.5,3.7,33.4,0.38,0.13,1.34,8.4,105.8,112.6
,Chandler Parsons,Mem,F,30.43,21,18.6,38.8,19.7,13.9,19,0.895,65,0.492,75,0.267,0.443,0.475,6.7,2.8,8.3,1.4,11.8,0.76,0.14,1.14,6.4,89.4,102
,Patrick Patterson,Okc,F,30.05,61,14,29.2,12,8.3,30,0.633,82,0.439,136,0.338,0.482,0.495,3.8,2.4,8.8,0.5,4.7,0.26,0.21,0.34,4.7,106.1,107
,Justin Patton,Phi,C,21.8,3,6.9,14.3,16,0,2,0.5,5,0.4,2,0,0.286,0.317,1.7,2,15.4,1,19.2,0.67,0,0,8.7,99.5,82.7
,Chris Paul,Hou,G,33.91,53,32.4,67.6,22.4,16.1,197,0.863,337,0.484,320,0.347,0.502,0.557,15.6,4.6,7.8,8.1,38.8,1.96,0.3,2.7,10.3,117.4,105.3
,Cameron Payne,Chi,G,24.65,31,17.3,36,17.3,16,25,0.88,109,0.486,59,0.271,0.458,0.492,5.7,1.7,5.4,2.7,22.4,0.65,0.19,1.1,6.9,99.7,108.2
,Cameron Payne,Cle,G,24.65,9,19.6,40.7,18.1,15.1,16,0.688,30,0.6,25,0.36,0.573,0.596,8.2,2.1,6,2.6,20,0.89,0.33,1.22,7.2,114.4,110.6
,Gary Payton II,Was,G,26.33,3,5.3,11,24,11.1,0,0,6,0.667,2,0.5,0.688,0.688,3.7,0.7,6.8,1.3,45.6,1,0.33,0.33,11.3,135.3,97.6
,Elfrid Payton,Nor,G,25.11,38,29.3,61,18.3,20,67,0.746,278,0.475,89,0.326,0.478,0.506,10.6,5.3,9.4,7.4,33.1,1.05,0.34,2.61,10.2,106.3,109.2
,Theo Pinson,Bro,G-F,23.41,17,11.3,23.6,19.8,16.5,22,0.864,24,0.458,42,0.286,0.439,0.509,4.5,1.9,8.8,1.1,14,0.29,0,0.88,7.5,97.3,105.6
,Mason Plumlee,Den,F-C,29.08,76,20.8,43.3,16.5,20,187,0.561,398,0.613,8,0.25,0.608,0.613,7.9,6.4,16.5,2.8,19.1,0.75,0.91,1.61,10,117.4,94.5
,Miles Plumlee,Atl,C,30.58,18,9.6,20,16.8,14,30,0.533,48,0.667,0,0,0.667,0.654,4.4,2.2,11.9,0.9,14.8,0.33,0.22,0.56,8.6,125.3,109.5
,Jakob Poeltl,San,C,23.46,72,16.3,34,13.3,13.2,88,0.534,270,0.641,0,0,0.641,0.636,5.5,5.3,17.7,1.2,10,0.35,0.89,0.65,8,133.8,102.8
,Quincy Pondexter,San,F,31.06,49,5.5,11.4,13.4,12.2,38,0.789,37,0.568,18,0.333,0.545,0.627,1.8,0.9,8.9,0.5,11.6,0.18,0.02,0.2,6.8,125.6,104.8
,Otto Porter Jr.,Was,F,25.83,41,29.1,60.5,18.2,7.8,64,0.766,266,0.515,176,0.369,0.531,0.551,12.6,5.7,10.6,2,9.6,1.54,0.54,0.98,7.2,109.9,108.6
,Otto Porter Jr.,Chi,F,25.83,15,32.8,68.4,21.3,10.4,32,0.906,121,0.479,80,0.488,0.58,0.609,17.5,5.5,9.2,2.7,13.1,1.2,0.6,1.67,7.8,115.1,110.2
,Bobby Portis,Chi,F,24.14,22,24.1,50.2,26.5,9,50,0.78,199,0.477,72,0.375,0.5,0.529,14.1,7.2,16.3,1.3,9.3,0.5,0.36,1.32,8.5,105.6,102.9
,Bobby Portis,Was,F,24.14,24,27.5,57.3,23.2,11.1,41,0.78,201,0.458,101,0.416,0.513,0.534,14.3,8.5,16.9,1.5,8.2,0.88,0.46,1.67,8.2,103.6,102.7
,Dwight Powell,Dal,F-C,27.7,73,21.2,44.2,17.3,10.1,229,0.769,335,0.693,123,0.317,0.634,0.677,10.4,5.2,13,1.4,10.7,0.55,0.64,0.86,8,134.1,100
,Norman Powell,Tor,F-G,25.86,56,18.8,39.2,19,13.3,69,0.826,214,0.547,161,0.385,0.56,0.588,8.5,2.3,6.6,1.6,11.8,0.66,0.23,1.11,6.7,109.1,103.1
,Alex Poythress,Atl,F,25.57,21,14.5,30.2,14.3,12.2,29,0.621,58,0.534,23,0.391,0.549,0.571,5.1,3.6,13.2,0.8,7.7,0.19,0.48,0.62,6.8,116.7,102.3
,Taurean Prince,Atl,F,25.03,51,28.1,58.5,19.4,14.4,102,0.843,251,0.51,287,0.394,0.553,0.584,13.4,3.7,6.9,2.2,11.3,1,0.35,1.92,6.8,106.7,108.9
,Zhou Qi,Hou,F-C,23.21,1,1,2.1,43.5,0,0,0,1,1,0,0,1,1,2,0,0,0,0,0,0,0,0,,
,Ivan Rabb,Mem,F,22.16,44,13.1,27.2,17,12.8,55,0.691,157,0.592,10,0.2,0.575,0.601,5.2,3.8,16.2,0.9,11.6,0.3,0.3,0.64,8,120.1,97.6
,Chasson Randle,Was,G,26.15,45,14.5,30.2,16.3,15.9,52,0.692,93,0.441,95,0.411,0.529,0.557,5.2,1.1,4.2,1.9,17.3,0.49,0.04,0.89,6.1,106.8,106.3
,Julius Randle,Nor,F,24.34,71,30.4,63.4,27.6,13.7,468,0.735,857,0.562,188,0.34,0.553,0.6,21.1,8.6,14.6,3.1,15.8,0.7,0.62,2.8,10.9,113.4,103.2
,JJ Redick,Phi,G,34.77,73,31.4,65.4,21.7,8.3,240,0.9,403,0.494,576,0.391,0.548,0.594,17.7,2.4,4.1,2.7,13,0.41,0.21,1.34,6.2,116.7,110.1
,Davon Reed,Ind,G,23.81,8,2.7,5.6,10.2,20,0,0,3,0.333,1,1,0.625,0.625,0.6,0.3,5.2,0.3,12.1,0,0,0.13,5.6,,
,Cameron Reynolds,Min,G,24.15,14,12.8,26.7,12.9,1.8,7,0.857,19,0.421,32,0.375,0.51,0.536,4.1,1.4,5.7,0.7,7.4,0.36,0.14,0.07,5,119.7,109.5
,Josh Richardson,Mia,F,25.55,72,35,73,21,9.2,231,0.861,565,0.455,455,0.358,0.492,0.536,16.7,3.6,5.5,4.1,17.9,1.07,0.46,1.57,7.2,111.7,105.2
,Malachi Richardson,Tor,G,23.24,22,4.7,9.8,16.3,20.4,5,0.8,4,0.25,25,0.32,0.448,0.481,1.4,0.6,6.8,0,0,0.05,0,0.36,0,78.8,100.4
,Austin Rivers,Was,G,26.67,29,23.5,49.1,15.5,14,46,0.543,88,0.489,106,0.311,0.477,0.49,7.2,2.4,5.6,2,11.3,0.62,0.34,1.21,5.5,95.1,108.1
,Austin Rivers,Hou,G,26.67,42,29.2,60.7,13.9,7.9,45,0.511,142,0.549,200,0.32,0.509,0.513,8.8,2,3.8,2.3,11.4,0.62,0.29,0.74,4.7,108.7,106.7
,Glenn Robinson III,Det,G-F,25.23,44,12.9,26.9,15.2,9,38,0.816,108,0.491,58,0.293,0.473,0.514,4.3,1.4,5.9,0.4,4.9,0.27,0.16,0.41,4.2,104.5,106.5
,Devin Robinson,Was,F,24.07,4,8,16.7,20.7,0,6,0.5,13,0.615,0,0,0.615,0.607,4.8,1.8,11.8,0.5,10.1,0.75,0.25,0,8.1,129.8,107
,Duncan Robinson,Mia,F,24.95,13,8.8,18.3,13.3,5.7,3,0.667,6,0.667,26,0.269,0.453,0.465,2.4,1,6.1,0.2,2.4,0.23,0,0.15,3.6,93.8,105.4
,Jerome Robinson,Lac,G,22.11,29,9.1,19.1,16.1,6.9,7,0.714,43,0.442,48,0.333,0.473,0.484,3.1,1.1,6.4,0.5,7.3,0.28,0.1,0.24,5.3,98.4,99.4
,Mitchell Robinson,Nyk,C,21,61,19.7,41.1,12.2,9.3,124,0.589,259,0.691,0,0,0.691,0.687,7.1,6.1,16.4,0.6,4.6,0.77,2.46,0.52,6,140.7,97.6
,Rajon Rondo,Lal,G,33.11,43,29.5,61.4,17,22.2,32,0.688,265,0.434,125,0.368,0.472,0.483,9.1,5.2,9.1,8,35.9,1.21,0.14,2.67,9.8,102.3,104.9
,Derrick Rose,Min,G,30.49,51,27.3,56.9,27.2,9.1,160,0.856,607,0.509,146,0.37,0.518,0.557,18,2.7,5.4,4.3,26.4,0.59,0.24,1.61,8.7,113.9,114.6
,Terrence Ross,Orl,G-F,28.15,77,26.5,55.3,23.7,7.5,127,0.858,443,0.474,525,0.371,0.519,0.544,14.5,3.4,6.9,1.6,9.5,0.88,0.36,1.08,6.5,105.1,106.1
,Terry Rozier,Bos,G,25.04,75,22.9,47.6,18.6,8.8,89,0.787,316,0.421,321,0.349,0.473,0.497,9,3.9,9.2,2.9,17.7,0.89,0.27,0.87,8.2,105.9,105.7
,Ricky Rubio,Uta,G,28.45,67,28.3,58.9,22.7,17.8,224,0.862,475,0.453,254,0.311,0.457,0.52,12.8,3.6,6.9,6.2,32.2,1.37,0.15,2.67,9.3,105.1,98.9
,D'Angelo Russell,Bro,G,23.1,77,30.3,63.1,32.1,13.7,197,0.777,843,0.482,606,0.36,0.506,0.527,21,3.8,6.6,7,41.4,1.23,0.25,3.16,10.9,105.7,107.2
,Domantas Sabonis,Ind,F,22.91,71,24.8,51.6,23.6,16.1,288,0.715,652,0.587,16,0.563,0.594,0.629,14.1,9.3,20.9,2.9,18.2,0.66,0.42,2.15,11.7,118.7,92.3
,Brandon Sampson,Chi,G,21.92,10,13,27.1,15.4,19.7,4,0.75,17,0.647,18,0.278,0.529,0.544,4,1,4.2,0.6,6.6,0.4,0.2,0.9,4.1,90.5,110.5
,Dario Saric,Phi,F,24.98,13,30.5,63.4,18,14.7,30,0.9,61,0.443,71,0.296,0.443,0.496,11.1,6.6,11.5,2,9,0.31,0.23,1.92,6.9,98.9,103.3
,Dario Saric,Min,F,24.98,63,23.5,49,17.4,11.1,107,0.86,279,0.505,221,0.389,0.54,0.578,10,5.4,12.2,1.4,8.5,0.63,0.11,1.08,7.2,115.5,106.8
,Tomas Satoransky,Was,G-F,27.42,76,27,56.3,14,16.6,147,0.823,348,0.529,152,0.395,0.548,0.592,8.8,3.5,7,5,24.8,1.05,0.18,1.47,7.9,121.4,109.9
,Dennis Schroder,Okc,G,25.55,74,29.1,60.6,24.4,12.4,212,0.807,703,0.447,331,0.335,0.465,0.502,15.3,3.5,6.3,4.1,21,0.77,0.16,2.16,8.3,102,104.1
,Mike Scott,Lac,F,30.71,52,14.4,30,14.9,9.9,18,0.667,97,0.412,133,0.391,0.513,0.521,4.8,3.3,12.3,0.8,8.1,0.33,0.15,0.5,6.5,104.7,100.7
,Mike Scott,Phi,F,30.71,23,23.5,48.9,14.4,9.2,15,0.667,59,0.339,103,0.398,0.503,0.513,7.5,3.6,8.2,0.8,4.7,0.39,0.17,0.74,4.7,102,103.1
,Thabo Sefolosha,Uta,F,34.92,45,11,23,13,14.6,20,0.65,55,0.545,65,0.446,0.613,0.621,3.6,2.4,11.7,0.4,5.6,0.8,0.11,0.49,5.5,108.2,97.4
,Wayne Selden,Mem,G-F,24.51,32,14.2,29.6,19.3,11.7,29,0.759,98,0.459,63,0.317,0.466,0.495,5.4,1.3,5.3,1.1,12.4,0.31,0.19,0.72,5.6,97.9,104
,Wayne Selden,Chi,G-F,24.51,39,23.2,48.4,17.9,14,61,0.738,191,0.461,101,0.327,0.471,0.502,8.2,3,7,1.6,10.3,0.59,0.18,1.33,5.9,95.5,109.2
,Collin Sexton,Cle,G,20.24,78,31.5,65.6,25.3,12.2,246,0.841,869,0.434,270,0.407,0.476,0.518,16.6,3,5.3,2.8,14.9,0.51,0.08,2.23,6.6,101.4,114.4
,Landry Shamet,Phi,G,22.06,54,20.5,42.8,15,6.6,54,0.815,102,0.529,245,0.404,0.584,0.606,8.3,1.4,3.7,1.1,7.6,0.44,0.15,0.48,4.6,119.3,105.6
,Landry Shamet,Lac,G,22.06,21,27.6,57.6,15.1,6.7,31,0.871,49,0.306,131,0.443,0.567,0.596,11,2.1,4,2.1,10.7,0.62,0.05,0.67,5.3,120.3,109.4
,Iman Shumpert,Sac,G,28.77,42,26.2,54.5,15.2,9.4,41,0.829,146,0.404,202,0.366,0.489,0.511,8.9,3.1,6,2.2,10.7,1.12,0.48,0.9,6,104.6,106.6
,Iman Shumpert,Hou,G,28.77,17,18.6,38.8,12.4,12.2,0,0,22,0.455,57,0.281,0.43,0.43,4,2.8,8.4,1.2,8.8,0.65,0.18,0.65,5.1,93.2,104.3
,Pascal Siakam,Tor,F,25,76,32,66.6,20.7,12.4,290,0.783,702,0.6,197,0.355,0.585,0.623,16.8,6.8,11.6,3.1,14.6,0.96,0.67,1.91,8.8,120.1,100.8
,Jordan Sibert,Atl,G,26.67,1,4.2,8.8,9.7,0,0,0,0,0,1,1,1.5,1.5,3,0,0,0,0,0,0,0,0,300,124
,Ben Simmons,Phi,G-F,22.7,75,34.4,71.8,22.1,19.3,413,0.605,910,0.569,6,0,0.566,0.586,17.1,8.9,13.8,7.8,34.5,1.39,0.77,3.49,12.3,114.3,102.9
,Jonathon Simmons,Orl,F,29.55,41,20.6,42.9,19.3,15,72,0.778,203,0.419,83,0.229,0.397,0.445,6.9,2.5,6.4,2.3,15.9,0.41,0.34,1.37,6.6,91.2,105
,Jonathon Simmons,Phi,F,29.55,13,12.6,26.2,15,13.7,21,0.619,29,0.414,12,0.333,0.439,0.488,3.8,1.3,5.5,1.5,16.2,0.62,0,0.62,6.2,102.8,100.6
,Kobi Simmons,Cle,G,21.75,1,1.8,3.8,0,,0,0,0,0,0,0,,,0,0,0,0,0,0,0,0,0,,
,Anfernee Simons,Por,G,19.82,17,4.8,10.1,25.4,16.2,10,0.5,23,0.522,14,0.143,0.405,0.423,2.1,0.4,4.5,0.2,6.9,0,0,0.47,4.6,76.8,109.3
,Marcus Smart,Bos,G,25.07,77,27.6,57.4,14.6,16.1,123,0.805,216,0.509,335,0.367,0.534,0.568,8.9,2.9,5.7,4,19.2,1.75,0.35,1.51,6.8,113.6,102.7
,Dennis Smith Jr.,Dal,G,21.35,32,28.4,59.1,23.4,20.1,82,0.695,233,0.489,125,0.344,0.499,0.525,12.9,3,5.7,4.3,24.2,1.25,0.34,3.09,7.7,96.7,104.3
,Dennis Smith Jr.,Nyk,G,21.35,19,28.4,59.1,26.3,13.5,68,0.574,189,0.455,69,0.275,0.444,0.465,14.1,2.9,5.4,5.5,32.2,1.37,0.47,2.37,8.6,97.1,109
,Ish Smith,Det,G,30.74,51,22.1,46.1,19.7,11,53,0.774,315,0.441,122,0.336,0.459,0.48,8.7,2.6,6.4,3.5,24.6,0.55,0.2,1.12,7.8,104.4,104.4
,Jason Smith,Was,F-C,33.09,12,10.8,22.5,16.1,14.2,12,0.833,27,0.407,10,0.4,0.459,0.52,3.7,3.1,15.5,1,12.3,0.08,0.42,0.58,8.4,110.3,99.8
,Jason Smith,Mil,F-C,33.09,6,6.8,14.1,19.6,26.5,2,1,4,0.25,9,0.333,0.423,0.468,2.2,1.8,13.8,0.2,3.1,0.33,0.33,0.83,5.4,79.9,90.6
,Jason Smith,Nor,F-C,33.09,2,10.2,21.1,22,9.2,2,1,2,0,7,0.286,0.333,0.405,4,2,10.2,0.5,6.1,0,0,0.5,6.2,93.2,103.8
,JR Smith,Cle,G-F,33.56,11,20.2,42.1,18.6,11.7,10,0.8,40,0.375,39,0.308,0.418,0.444,6.7,1.6,4.5,1.9,13.8,1,0.27,1,5.4,91.2,110.6
,Zhaire Smith,Phi,G,19.83,2,7.7,15.9,5.5,0,0,0,1,0,1,1,0.75,0.75,1.5,0.5,3.5,0.5,8.3,0.5,0.5,0,3.7,158.9,105.8
,Tony Snell,Mil,G,27.39,74,17.6,36.7,13,5.7,42,0.881,157,0.522,204,0.397,0.564,0.585,6,2.1,6.1,0.9,6.7,0.35,0.24,0.31,5.1,119.1,103.3
,Ray Spalding,Dal,F,22.06,1,0.9,1.9,0,,0,0,0,0,0,0,,,0,0,0,0,0,0,0,0,0,,
,Ray Spalding,Pho,F,22.06,9,7.6,15.9,15.2,24.7,3,0.333,16,0.438,1,0,0.412,0.409,1.7,2.3,17,0.3,6,0.22,0.33,0.67,5.6,77,95.8
,Omari Spellman,Atl,F,21.7,46,17.5,36.4,14.9,10.5,45,0.711,116,0.466,128,0.344,0.492,0.516,5.9,4.2,12.8,1,8,0.54,0.57,0.67,6.7,110.4,108.9
,Nik Stauskas,Por,G,25.49,44,15.3,31.9,17.9,14,36,0.889,104,0.51,125,0.344,0.513,0.545,6.1,1.8,6.3,1.4,12.7,0.32,0.09,0.91,6.5,106.1,110.4
,Nik Stauskas,Cle,G,25.49,21,14.5,30.1,17.1,7.6,24,0.917,40,0.3,59,0.424,0.5,0.552,5.8,2,7.8,0.9,8.7,0.29,0.14,0.43,6,114.6,114.5
,DJ Stephens,Mem,G-F,28.29,1,6.7,14,20,33.3,0,0,2,0.5,0,0,0.5,0.5,2,0,0,0,0,1,0,1,0,59.7,109.7
,Lance Stephenson,Lal,G,28.57,66,16.3,34,20.4,15.1,73,0.685,232,0.474,185,0.373,0.512,0.531,7.2,3.2,10.1,2,17.3,0.61,0.09,1.21,8.8,101.8,102.4
,Edmond Sumner,Ind,G,23.25,20,8.7,18.2,15.6,12.8,12,0.417,29,0.414,20,0.2,0.367,0.378,2.1,1,6.4,0.5,6.7,0.45,0.25,0.4,4.7,80.5,98.2
,Caleb Swanigan,Por,F,21.96,18,8.1,16.8,18.4,25.4,7,0.857,39,0.333,5,0.2,0.33,0.372,1.9,2.9,19.1,0.4,6.2,0.22,0,0.89,6.4,74.6,94.2
,Jayson Tatum,Bos,F,21.08,76,31.3,65.1,22,9.7,218,0.858,695,0.485,303,0.376,0.509,0.55,15.8,6.1,10.4,2.1,10.1,1.05,0.74,1.55,7.5,107.6,104.2
,Jeff Teague,Min,G,30.81,42,30.1,62.7,19.2,16.7,153,0.804,311,0.453,105,0.333,0.465,0.528,12.1,2.5,4.5,8.2,37.6,1.05,0.43,2.31,8.3,112.5,110.8
,Garrett Temple,Mem,G-F,32.9,49,31.2,65.1,13.9,11.4,76,0.75,177,0.52,210,0.352,0.525,0.551,9.4,3.1,5.6,1.4,6.6,1.02,0.49,1.1,4.4,102.7,104.6
,Garrett Temple,Lac,G-F,32.9,22,19.4,40.4,10.8,11.9,21,0.714,44,0.477,43,0.279,0.448,0.483,4.2,2.5,6.7,1.5,9.7,1,0.23,0.59,5.2,102.1,99.3
,Milos Teodosic,Lac,G,32.04,15,10,20.8,18,32.8,7,0.571,13,0.538,27,0.37,0.55,0.557,3.2,1,5.3,2.1,28,0.2,0.07,1.4,7.5,92.7,97.6
,Jared Terrell,Min,G,24.14,11,6.9,14.5,19.1,22.9,2,0.5,14,0.286,12,0.333,0.385,0.391,1.9,0.4,2.8,0.6,12.1,0.27,0.09,0.73,4.5,72,106.5
,Emanuel Terry,Pho,F,23.61,2,9.8,20.3,19.5,22.5,2,0.5,6,0.667,0,0,0.667,0.654,4.5,3,17.1,0.5,8.3,1.5,0,1,7.7,107.7,88.2
,Emanuel Terry,Mia,F,23.61,1,3.3,6.9,24.4,0,2,0.5,1,0,0,0,0,0.266,1,1,16.2,1,36.9,0,0,0,12.1,,
,Daniel Theis,Bos,F,26.99,62,13.9,28.9,16.1,10.3,76,0.737,192,0.604,63,0.413,0.608,0.634,5.9,3.5,13.4,1,10.7,0.32,0.63,0.53,7.9,129.6,93.2
,Isaiah Thomas,Den,G,30.15,10,14.7,30.5,29.8,16.6,19,0.632,43,0.442,34,0.265,0.422,0.451,7.7,1.2,4.4,1.7,17,0.4,0.1,1.7,6.8,87.2,105.2
,Khyri Thomas,Det,G,22.9,24,7.9,16.4,16.8,5.4,11,0.636,30,0.4,35,0.286,0.415,0.437,2.5,0.8,5.8,0.3,6.1,0.29,0.21,0.17,4.3,94.9,101.4
,Lance Thomas,Nyk,F,30.94,44,17.1,35.5,12.6,10.8,33,0.788,108,0.472,75,0.28,0.451,0.483,4.3,2.5,7.6,0.6,5.2,0.36,0.16,0.55,4.4,97.9,106.5
,Klay Thompson,Gol,G,29.15,73,34.4,71.6,25.8,7.3,156,0.814,769,0.516,568,0.407,0.556,0.574,22.1,3.9,6.1,2.4,10.7,1.1,0.6,1.51,6.9,110.4,109.3
,Tristan Thompson,Cle,F-C,28.06,42,28,58.4,17.6,12.2,100,0.64,372,0.53,0,0,0.53,0.55,10.9,10.3,20.4,2,11.3,0.64,0.38,1.38,8.7,118,109.6
,Sindarius Thornwell,Lac,G,24.38,60,4.7,9.9,11.8,22.7,30,0.7,33,0.394,15,0.2,0.365,0.458,0.9,0.7,7.9,0.3,7.1,0.23,0.08,0.3,4.9,84.9,99.5
,Anthony Tolliver,Min,F,33.84,60,16.5,34.4,12.4,10.9,56,0.804,38,0.421,198,0.384,0.551,0.585,5.1,2.7,8.7,0.7,5.3,0.23,0.3,0.53,5.2,112.5,108.2
,Karl-Anthony Towns,Min,F-C,23.38,74,33.1,68.9,28.8,13.3,428,0.834,920,0.557,352,0.401,0.569,0.618,24.4,12.5,20.1,3.4,17.2,0.88,1.64,3.03,12.2,118.8,100.5
,Gary Trent Jr.,Por,G,20.2,13,4.2,8.8,24.3,6.3,4,0.25,14,0.286,14,0.286,0.357,0.353,1.6,0.6,7.7,0.1,2.5,0,0.08,0.15,4.4,72.5,109.6
,Allonzo Trier,Nyk,G,23.21,64,22.8,47.5,21.3,15.7,223,0.803,386,0.466,132,0.394,0.498,0.564,10.9,3.1,7.1,1.9,12.9,0.44,0.22,1.8,7,104.5,110
,PJ Tucker,Hou,F,33.91,77,34.7,72.3,9.3,10.6,55,0.673,129,0.45,360,0.378,0.536,0.547,7.3,6,9.6,1.2,4.8,1.65,0.44,0.79,4.3,114.5,104.8
,Evan Turner,Por,G-F,30.43,69,22,45.9,15.7,18.9,91,0.703,370,0.492,49,0.163,0.463,0.492,6.6,4.4,10.7,3.8,23,0.45,0.23,1.55,8.7,102.5,105.9
,Myles Turner,Ind,F-C,23.02,71,28.8,60.1,20.1,10.6,190,0.737,569,0.518,190,0.379,0.531,0.561,13.3,7.3,14,1.6,8.1,0.83,2.73,1.41,7.5,109,98.6
,Ekpe Udoh,Uta,C-F,31.87,46,5.5,11.4,12.8,14.6,19,0.684,56,0.679,0,0,0.679,0.691,1.9,1.3,13.2,0.4,9.9,0.13,0.52,0.24,7.2,131.1,96.3
,Tyler Ulis,Chi,G,23.24,1,0.8,1.7,0,,0,0,0,0,0,0,,,0,0,0,0,0,0,0,0,0,,
,Jonas Valanciunas,Tor,C,26.9,30,18.8,39.2,25.8,11.8,94,0.819,228,0.614,30,0.3,0.595,0.641,12.8,7.2,20.7,1,8.5,0.4,0.77,1.33,9.6,121.2,92.2
,Jonas Valanciunas,Mem,C,26.9,19,27.7,57.8,31.4,13.8,91,0.769,261,0.563,18,0.278,0.554,0.594,19.9,10.7,21.7,2.2,15.8,0.32,1.58,2.68,11.2,109.2,96.1
,Jarred Vanderbilt,Den,F,20,12,3.5,7.3,18.5,22,5,0.4,11,0.364,1,0,0.333,0.352,0.8,1.5,23.3,0.2,6.1,0.25,0.08,0.33,7.1,,
,Fred VanVleet,Tor,G,25.1,60,27.6,57.4,17.8,11.1,107,0.85,285,0.446,279,0.38,0.507,0.542,11.1,2.6,5.2,4.8,24,0.87,0.28,1.27,7.5,114.9,106.5
,Noah Vonleh,Nyk,F,23.61,68,25.3,52.7,14.8,14.7,156,0.712,303,0.531,137,0.336,0.523,0.561,8.4,7.8,16.1,1.9,11,0.66,0.75,1.29,7.9,111.7,103.7
,Nikola Vucevic,Orl,C,28.44,77,31.4,65.3,27.9,9.8,213,0.789,1078,0.546,220,0.364,0.546,0.57,20.6,12,20.5,3.8,22.2,1.03,1.14,1.96,12.5,114.7,100.9
,Dwyane Wade,Mia,G,37.21,67,25.8,53.7,27.5,13.7,206,0.689,643,0.473,222,0.324,0.476,0.505,14.4,3.9,8,4.1,26.3,0.87,0.54,2.27,9.5,101.6,105.8
,Moritz Wagner,Lal,C,21.93,38,9.4,19.5,21.6,16.8,41,0.78,70,0.529,66,0.303,0.493,0.539,4.4,1.8,10.2,0.6,8.2,0.21,0.26,0.82,7.2,97.7,100.7
,Dion Waiters,Mia,G,27.31,39,25.7,53.6,21.1,12.4,42,0.524,167,0.491,247,0.368,0.528,0.531,11.8,2.7,5.7,2.8,17,0.72,0.21,1.56,7,102.6,106.6
,Lonnie Walker IV,San,G,20.3,12,6.4,13.3,19.9,11.5,6,1,22,0.227,6,0.333,0.286,0.359,1.8,1,8.5,0.3,6.7,0.5,0.17,0.33,5.1,73,103.5
,Kemba Walker,Cha,G,28.9,77,34.8,72.6,31.4,10.3,418,0.84,890,0.485,687,0.354,0.505,0.552,25.2,4.4,6.8,5.8,29,1.29,0.42,2.62,9.9,111.1,111.2
,Tyrone Wallace,Lac,G,24.81,58,10.1,21,18.6,12.1,55,0.545,184,0.435,18,0.222,0.426,0.447,3.5,1.6,8.6,0.7,9.6,0.34,0.12,0.53,6.2,90.7,101
,John Wall,Was,G,28.57,32,34.5,71.9,28.9,16.3,175,0.697,382,0.508,169,0.302,0.491,0.528,20.7,3.6,5.7,8.7,39.3,1.53,0.91,3.81,10,104,111.4
,Brad Wanamaker,Bos,G,29.69,32,8.7,18.1,16.7,15.8,20,0.9,50,0.44,32,0.5,0.561,0.606,3.4,1,6.1,1.4,21.5,0.34,0.03,0.53,7.7,117.1,102.3
,T.J. Warren,Pho,F,25.57,43,31.6,65.9,22.6,7.2,124,0.815,431,0.51,180,0.428,0.549,0.58,18,4,7.1,1.5,7.8,1.19,0.67,1.21,6,111.4,110.7
,Julian Washburn,Mem,F-G,27.29,13,12.8,26.7,10.4,10.3,4,0.75,16,0.313,17,0.118,0.242,0.273,1.5,2.2,9.8,0.6,6.5,0.62,0.08,0.31,3.9,72.6,104.8
,Yuta Watanabe,Mem,G,24.47,12,10.7,22.2,15.1,11.5,10,0.7,22,0.364,12,0.167,0.324,0.378,2.4,2,10.5,0.5,6.7,0.25,0.08,0.42,5,78.4,106.5
,Thomas Welsh,Den,C,23.16,11,3.3,6.9,17.5,6.7,2,0.5,6,0.667,7,0.429,0.654,0.648,1.6,0.4,6,0.5,20.3,0,0,0.09,8.3,,
,Russell Westbrook,Okc,G,30.38,68,36,74.9,31.2,16.4,425,0.659,998,0.48,379,0.288,0.467,0.5,23,11,15.8,10.4,45.5,2,0.47,4.51,15.3,104,96.8
,Derrick White,San,G,24.75,62,25.8,53.8,17.6,14.1,117,0.769,368,0.522,131,0.328,0.514,0.548,9.7,3.6,7.6,4,21,1.05,0.68,1.45,8,110.1,104.7
,Okaro White,Was,F,26.63,3,2.1,4.4,13.5,0,0,0,0,0,2,0,0,0,0,0.7,17.2,0,0,0,0,0,0,,
,Hassan Whiteside,Mia,C,29.8,68,23.6,49.1,22.6,10.7,237,0.456,632,0.568,16,0.125,0.559,0.553,12.2,11.4,25.9,0.8,5.9,0.65,1.88,1.32,8.2,111.6,93.8
,Andrew Wiggins,Min,G-F,24.1,68,34.9,72.7,24.4,9.4,281,0.698,810,0.433,321,0.333,0.452,0.486,17.9,4.9,7.5,2.4,10.4,0.97,0.68,1.91,6.8,98.9,111.3
,Robert Williams III,Bos,C-F,21.46,29,8.6,18,10.5,14.7,14,0.643,46,0.717,0,0,0.717,0.719,2.6,2.4,14.7,0.2,3.2,0.28,1.28,0.31,5,135.2,97.9
,Alan Williams,Bro,F-C,26.18,4,5.5,11.4,24.5,7.8,4,0.5,9,0.667,1,0,0.6,0.595,3.5,4.3,41,0.8,25,0.25,0,0.25,16.7,128.7,89.7
,C.J. Williams,Min,G,29.15,13,7.1,14.7,14.2,12.9,0,0,15,0.667,12,0.167,0.481,0.481,2,0.4,2.9,0.8,16.4,0.23,0,0.31,4.9,100.1,104.2
,Johnathan Williams,Lal,F,23.86,19,13.9,28.9,15,11.6,30,0.467,70,0.586,1,0,0.577,0.57,5.1,3.2,12,0.4,3.6,0.21,0.26,0.58,5.4,114.9,95.4
,Kenrich Williams,Nor,G-F,24.33,42,22.7,47.4,12.4,11.1,17,0.647,111,0.441,137,0.321,0.464,0.472,5.7,4.7,10.8,1.6,8.6,0.88,0.33,0.76,6.2,101.8,106.1
,Lou Williams,Lac,G,32.43,71,26.5,55.3,32.7,11.7,457,0.88,809,0.456,280,0.354,0.475,0.557,20.2,2.9,5.9,5.3,33,0.75,0.13,2.41,10.2,112.3,111.6
,Marvin Williams,Cha,F,32.79,75,28.4,59.3,14.8,6.3,86,0.767,270,0.5,382,0.366,0.529,0.548,10.1,5.4,10.3,1.2,6.1,0.92,0.8,0.61,5.7,112.8,107.3
,Troy Williams,Sac,F,24.26,18,15.9,33.1,14.7,7.9,15,0.6,46,0.565,41,0.341,0.54,0.55,5.7,3.1,9.9,0.6,4.6,0.56,0.44,0.44,5.5,108.7,101.6
,D.J. Wilson,Mil,F,23.12,44,17.6,36.7,14,10.4,38,0.526,105,0.457,110,0.364,0.502,0.509,5.4,4.2,12.1,1,7.2,0.36,0.43,0.61,6.4,104.9,97.7
,Justise Winslow,Mia,F,23.02,61,29.7,62,20.8,14.8,132,0.629,456,0.465,234,0.38,0.501,0.517,12.7,5.4,9.8,4.3,22.1,1.07,0.28,2.13,9,103.7,101.8
,Christian Wood,Mil,F,23.51,13,4.7,9.9,23.6,8.7,15,0.667,20,0.45,5,0.6,0.54,0.585,2.8,1.5,16.6,0.2,4.6,0,0,0.23,8,115.1,102.5
,Christian Wood,Nor,F,23.51,4,23.7,49.3,24.6,7.1,22,0.727,34,0.706,9,0.222,0.628,0.664,17.5,7.5,16.4,0.8,5,1.75,2,1,8,127.7,103.9
,Delon Wright,Tor,G,26.93,49,18.3,38.1,17.1,10.4,61,0.869,203,0.478,90,0.333,0.485,0.527,6.9,2.6,7.5,2.2,16.8,0.94,0.31,0.76,7.4,113.2,105.4
,Delon Wright,Mem,G,26.93,21,29.4,61.3,19,11.8,64,0.719,147,0.497,57,0.228,0.453,0.498,11,4.5,8.6,4.4,23.5,1.67,0.57,1.48,8.2,106.1,104.7
,Guerschon Yabusele,Bos,F,23.29,39,5.7,11.8,16.9,15,20,0.75,42,0.548,23,0.261,0.492,0.535,2,1.2,11.1,0.4,8.6,0.21,0.18,0.33,6.9,109,97.7
,Nick Young,Den,G-F,33.84,4,9.3,19.3,12.7,18.2,0,0,1,0,8,0.375,0.5,0.5,2.3,0.3,1.5,0.5,6.8,0,0.25,0.5,3,89.2,106.1
,Thaddeus Young,Ind,F,30.78,78,30.8,64.1,17.9,12,131,0.656,668,0.557,139,0.353,0.552,0.565,12.5,6.5,11.7,2.5,11.8,1.54,0.49,1.51,7.6,113.3,101.2
,Trae Young,Atl,G,20.54,77,30.9,64.4,28.3,18,384,0.823,730,0.468,459,0.331,0.479,0.536,18.9,3.6,6.2,8,40.3,0.82,0.19,3.87,10.6,106.6,113.9
,Cody Zeller,Cha,F-C,26.49,49,25.4,52.8,16.2,13,141,0.787,323,0.57,22,0.273,0.559,0.611,10.1,6.8,14.4,2.1,12.2,0.78,0.86,1.24,8.3,123.6,100.4
,Tyler Zeller,Atl,C,29.21,2,5.4,11.1,7.6,0,0,0,1,0,1,0,0,0,0,3,29.6,0.5,11,0,0,0,0,82.2,73.6
,Ante Zizic,Cle,C,22.24,55,18.1,37.7,17.9,13.2,121,0.702,301,0.545,0,0,0.545,0.583,7.5,5.3,16.4,0.8,7.2,0.24,0.38,0.98,7,115.5,107.1
,Ivica Zubac,Lal,C,22.04,33,15.6,32.6,20.5,12.9,66,0.864,193,0.58,0,0,0.58,0.633,8.5,4.9,16.4,0.8,7.3,0.15,0.82,1,8.3,120.7,97.9
,Ivica Zubac,Lac,C,22.04,22,19.7,41.1,20.2,15.4,49,0.714,154,0.532,0,0,0.532,0.567,9,7.5,20.2,1.5,11.8,0.32,0.86,1.45,9.5,112.6,97.1
,Walter Lemon Jr.,Chi,G,27.69,2,30.9,64.3,21.7,3.3,6,0.5,26,0.423,1,0,0.407,0.422,12.5,3,5.3,5.5,27.8,3.5,0.5,0.5,7.6,100,104.5
,Jemerrio Jones,Lal,F,23.98,1,5.4,11.3,15.4,0,0,0,1,1,1,0,0.5,0.5,2,1,9.6,0,0,1,0,0,0,122.2,108.9
,Dusty Hannahs,Mem,G,25.58,1,13.7,28.5,26.1,12.5,0,0,4,0.5,3,0,0.286,0.286,4,1,4.1,4,46,1,0,1,7.4,74.8,104.1
,JaKarr Sampson,Chi,F,26.04,1,29.7,61.9,20,7.3,6,0.833,8,0.875,2,0.5,0.85,0.87,22,7,12.9,0,0,1,1,1,0,155.2,106.8
