Team,Season,Venue,Wins,Loss,Win%,FT Made,FT Att,FT%,Win Rnk,Loss Rnk,Win% Rnk,FT Made Rnk,FT ATT Rnk,FT% Rnk,Total Points
Atlanta Hawks,2012-13,Home,25,16,0.61,595,856,0.695,15,15,15,27,24,28,4075
Boston Celtics,2012-13,Home,27,13,0.675,675,889,0.759,13,12,13,20,21,15,3940
Brooklyn Nets,2012-13,Home,26,15,0.634,724,1003,0.722,14,14,14,11,10,25,4001
Charlotte Bobcats,2012-13,Home,15,26,0.366,823,1076,0.765,28,28,28,3,6,11,3955
Chicago Bulls,2012-13,Home,24,17,0.585,685,892,0.768,16,16,16,17,20,10,3809
Cleveland Cavaliers,2012-13,Home,14,27,0.341,707,933,0.758,29,29,29,13,13,16,3983
Dallas Mavericks,2012-13,Home,24,17,0.585,678,868,0.781,16,16,16,19,23,4,4224
Denver Nuggets,2012-13,Home,38,3,0.927,766,1089,0.703,1,1,1,7,4,27,4446
Detroit Pistons,2012-13,Home,18,23,0.439,638,918,0.695,25,25,25,25,15,29,3928
Golden State Warriors,2012-13,Home,28,13,0.683,704,902,0.78,12,12,12,16,16,6,4173
Houston Rockets,2012-13,Home,29,12,0.707,826,1084,0.762,10,10,10,2,5,13,4441
Indiana Pacers,2012-13,Home,30,11,0.732,752,1016,0.74,8,8,8,8,7,20,4002
Los Angeles Clippers,2012-13,Home,32,9,0.78,656,901,0.728,5,5,5,23,18,24,4269
Los Angeles Lakers,2012-13,Home,29,12,0.707,748,1124,0.665,10,10,10,9,1,30,4206
Memphis Grizzlies,2012-13,Home,32,9,0.78,644,828,0.778,5,5,5,24,26,7,3823
Miami Heat,2012-13,Home,37,4,0.902,780,1008,0.774,2,2,2,6,9,8,4362
Milwaukee Bucks,2012-13,Home,21,20,0.512,662,886,0.747,21,21,21,22,22,18,4152
Minnesota Timberwolves,2012-13,Home,20,21,0.488,805,1093,0.737,23,23,23,4,2,22,3938
New Orleans Hornets,2012-13,Home,16,25,0.39,571,767,0.744,27,27,27,28,28,19,3814
New York Knicks,2012-13,Home,31,10,0.756,685,899,0.762,7,7,7,17,19,14,4210
Oklahoma City Thunder,2012-13,Home,34,7,0.829,912,1092,0.835,4,4,4,1,3,1,4448
Orlando Magic,2012-13,Home,12,29,0.293,507,675,0.751,30,30,30,29,29,17,3900
Philadelphia 76ers,2012-13,Home,23,18,0.561,476,669,0.712,18,18,18,30,30,26,3881
Phoenix Suns,2012-13,Home,17,24,0.415,599,819,0.731,26,26,26,26,27,23,3878
Portland Trail Blazers,2012-13,Home,22,19,0.537,707,902,0.784,19,19,19,13,16,3,4066
Sacramento Kings,2012-13,Home,20,21,0.488,791,1013,0.781,23,23,23,5,8,5,4289
San Antonio Spurs,2012-13,Home,35,6,0.854,667,839,0.795,3,3,3,21,25,2,4289
Toronto Raptors,2012-13,Home,21,20,0.512,715,926,0.772,21,21,21,12,14,9,3968
Utah Jazz,2012-13,Home,30,11,0.732,740,971,0.762,8,8,8,10,11,12,4111
Washington Wizards,2012-13,Home,22,19,0.537,706,955,0.739,19,19,19,15,12,21,4013
Atlanta Hawks,2012-13,Road,19,22,0.463,563,763,0.738,9,10,10,28,28,22,3957
Boston Celtics,2012-13,Road,14,27,0.341,643,809,0.795,17,17,17,21,23,6,3878
Brooklyn Nets,2012-13,Road,23,18,0.561,708,955,0.741,5,5,5,8,7,21,3943
Charlotte Bobcats,2012-13,Road,6,35,0.146,723,984,0.735,30,30,30,6,6,23,3706
Chicago Bulls,2012-13,Road,21,20,0.512,658,846,0.778,8,8,8,18,19,8,3832
Cleveland Cavaliers,2012-13,Road,10,31,0.244,673,893,0.754,25,25,25,16,14,16,3930
Dallas Mavericks,2012-13,Road,17,24,0.415,645,801,0.805,13,13,13,20,24,2,4069
Denver Nuggets,2012-13,Road,19,22,0.463,739,1059,0.698,9,10,10,4,3,29,4258
Detroit Pistons,2012-13,Road,11,30,0.268,669,952,0.703,20,20,20,17,8,28,3850
Golden State Warriors,2012-13,Road,19,22,0.463,674,842,0.8,9,10,10,15,20,5,4123
Houston Rockets,2012-13,Road,16,25,0.39,747,1003,0.745,15,15,15,3,4,20,4247
Indiana Pacers,2012-13,Road,19,21,0.475,677,899,0.753,9,9,9,14,13,17,3672
Los Angeles Clippers,2012-13,Road,24,17,0.585,686,987,0.695,3,3,3,13,5,30,4020
Los Angeles Lakers,2012-13,Road,16,25,0.39,836,1165,0.718,15,15,15,2,1,27,4175
Memphis Grizzlies,2012-13,Road,24,17,0.585,705,918,0.768,3,3,3,9,10,9,3836
Miami Heat,2012-13,Road,29,12,0.707,643,879,0.732,1,1,1,21,16,24,4074
Milwaukee Bucks,2012-13,Road,17,24,0.415,589,814,0.724,13,13,13,26,22,26,3956
Minnesota Timberwolves,2012-13,Road,11,30,0.268,710,949,0.748,20,20,20,7,9,18,3913
New Orleans Hornets,2012-13,Road,11,30,0.268,698,869,0.803,20,20,20,11,17,4,3900
New York Knicks,2012-13,Road,23,18,0.561,628,830,0.757,5,5,5,23,21,13,3986
Oklahoma City Thunder,2012-13,Road,26,15,0.634,907,1104,0.822,2,2,2,1,2,1,4221
Orlando Magic,2012-13,Road,8,33,0.195,519,684,0.759,26,26,26,30,30,12,3818
Philadelphia 76ers,2012-13,Road,11,30,0.268,528,708,0.746,20,20,20,29,29,19,3759
Phoenix Suns,2012-13,Road,8,33,0.195,604,799,0.756,26,26,26,24,25,14,3927
Portland Trail Blazers,2012-13,Road,11,30,0.268,597,778,0.767,20,20,20,25,27,10,3929
Sacramento Kings,2012-13,Road,8,33,0.195,646,856,0.755,26,26,26,19,18,15,3930
San Antonio Spurs,2012-13,Road,23,18,0.561,698,886,0.788,5,5,5,11,15,7,4159
Toronto Raptors,2012-13,Road,13,28,0.317,727,905,0.803,18,18,18,5,12,3,4003
Utah Jazz,2012-13,Road,13,28,0.317,699,912,0.766,18,18,18,10,11,11,3927
Washington Wizards,2012-13,Road,7,34,0.171,573,791,0.724,29,29,29,27,26,25,3631
Atlanta Hawks,2013-14,Home,24,17,0.585,738,940,0.785,16,16,16,15,18,6,4135
Boston Celtics,2013-14,Home,16,25,0.39,648,833,0.778,26,26,26,28,28,11,3958
Brooklyn Nets,2013-14,Home,28,13,0.683,771,1028,0.75,8,8,8,10,10,22,4123
Charlotte Bobcats,2013-14,Home,25,16,0.61,751,1010,0.744,15,15,15,14,11,25,3956
Chicago Bulls,2013-14,Home,27,14,0.659,735,940,0.782,9,9,9,16,18,9,3873
Cleveland Cavaliers,2013-14,Home,19,22,0.463,702,941,0.746,21,21,21,20,17,24,4053
Dallas Mavericks,2013-14,Home,26,15,0.634,780,975,0.8,12,12,12,9,14,2,4405
Denver Nuggets,2013-14,Home,22,19,0.537,783,1080,0.725,18,18,18,8,6,27,4345
Detroit Pistons,2013-14,Home,17,24,0.415,722,1075,0.672,24,24,24,18,7,30,4146
Golden State Warriors,2013-14,Home,27,14,0.659,642,819,0.784,9,9,9,29,29,7,4295
Houston Rockets,2013-14,Home,33,8,0.805,955,1349,0.708,4,4,4,1,1,28,4479
Indiana Pacers,2013-14,Home,35,6,0.854,767,972,0.789,1,1,1,12,15,5,4040
Los Angeles Clippers,2013-14,Home,34,7,0.829,921,1259,0.732,2,2,2,2,2,26,4542
Los Angeles Lakers,2013-14,Home,14,27,0.341,685,900,0.761,28,28,28,23,23,15,4262
Memphis Grizzlies,2013-14,Home,27,14,0.659,665,885,0.751,9,9,9,25,24,21,4046
Miami Heat,2013-14,Home,32,9,0.78,728,963,0.756,5,5,5,17,16,18,4283
Milwaukee Bucks,2013-14,Home,10,31,0.244,678,906,0.748,29,29,29,24,22,23,3870
Minnesota Timberwolves,2013-14,Home,24,17,0.585,919,1173,0.783,16,16,16,3,3,8,4429
New Orleans Pelicans,2013-14,Home,22,19,0.537,766,989,0.775,18,18,18,13,12,13,4148
New York Knicks,2013-14,Home,19,22,0.463,664,876,0.758,21,21,21,26,26,17,4098
Oklahoma City Thunder,2013-14,Home,34,7,0.829,834,1052,0.793,2,2,2,6,8,3,4416
Orlando Magic,2013-14,Home,19,22,0.463,686,884,0.776,21,21,21,22,25,12,4105
Philadelphia 76ers,2013-14,Home,10,31,0.244,691,986,0.701,29,29,29,21,13,29,4113
Phoenix Suns,2013-14,Home,26,15,0.634,785,1041,0.754,12,12,12,7,9,19,4434
Portland Trail Blazers,2013-14,Home,31,10,0.756,768,933,0.823,7,7,7,11,20,1,4414
Sacramento Kings,2013-14,Home,17,24,0.415,876,1139,0.769,24,24,24,4,4,14,4188
San Antonio Spurs,2013-14,Home,32,9,0.78,621,798,0.778,5,5,5,30,30,10,4360
Toronto Raptors,2013-14,Home,26,15,0.634,857,1085,0.79,12,12,12,5,5,4,4241
Utah Jazz,2013-14,Home,16,25,0.39,704,926,0.76,26,26,26,19,21,16,3967
Washington Wizards,2013-14,Home,22,19,0.537,656,872,0.752,18,18,18,27,27,20,4114
Atlanta Hawks,2013-14,Road,14,27,0.341,654,842,0.777,19,19,19,24,26,5,4147
Boston Celtics,2013-14,Road,9,32,0.22,677,873,0.775,26,26,26,20,23,7,3934
Brooklyn Nets,2013-14,Road,16,25,0.39,737,974,0.757,17,17,17,10,10,15,3956
Charlotte Bobcats,2013-14,Road,18,23,0.439,723,990,0.73,15,15,15,12,9,22,3986
Chicago Bulls,2013-14,Road,21,20,0.512,751,968,0.776,12,12,12,8,12,6,3807
Cleveland Cavaliers,2013-14,Road,14,27,0.341,696,920,0.757,19,19,19,18,20,16,4001
Dallas Mavericks,2013-14,Road,23,18,0.561,598,758,0.789,4,4,4,28,30,4,4192
Denver Nuggets,2013-14,Road,14,27,0.341,780,1074,0.726,19,19,19,7,5,25,4214
Detroit Pistons,2013-14,Road,12,29,0.293,693,1036,0.669,23,23,23,19,6,30,4140
Golden State Warriors,2013-14,Road,24,17,0.585,661,912,0.725,3,3,3,23,21,26,4254
Houston Rockets,2013-14,Road,21,20,0.512,859,1200,0.716,12,12,12,2,1,28,4350
Indiana Pacers,2013-14,Road,21,20,0.512,718,935,0.768,12,12,12,14,16,10,3893
Los Angeles Clippers,2013-14,Road,23,18,0.561,820,1125,0.729,4,4,4,4,3,24,4308
Los Angeles Lakers,2013-14,Road,13,28,0.317,705,935,0.754,22,22,22,15,16,17,4180
Memphis Grizzlies,2013-14,Road,23,18,0.561,570,781,0.73,4,4,4,30,29,23,3838
Miami Heat,2013-14,Road,22,19,0.537,703,921,0.763,8,8,8,16,19,13,4097
Milwaukee Bucks,2013-14,Road,5,36,0.122,699,937,0.746,29,29,29,17,15,20,3959
Minnesota Timberwolves,2013-14,Road,16,25,0.39,871,1128,0.772,17,17,17,1,2,9,4339
New Orleans Pelicans,2013-14,Road,12,29,0.293,723,947,0.763,23,23,23,12,14,12,4029
New York Knicks,2013-14,Road,18,23,0.439,607,794,0.764,15,15,15,27,28,11,3986
Oklahoma City Thunder,2013-14,Road,25,16,0.61,819,1000,0.819,2,2,2,5,7,1,4289
Orlando Magic,2013-14,Road,4,37,0.098,621,830,0.748,30,30,30,26,27,19,3809
Philadelphia 76ers,2013-14,Road,9,32,0.22,671,932,0.72,26,26,26,21,18,27,4042
Phoenix Suns,2013-14,Road,22,19,0.537,735,963,0.763,8,8,8,11,13,14,4195
Portland Trail Blazers,2013-14,Road,23,18,0.561,801,993,0.807,4,4,4,6,8,2,4339
Sacramento Kings,2013-14,Road,11,30,0.268,822,1098,0.749,25,25,25,3,4,18,4053
San Antonio Spurs,2013-14,Road,30,11,0.732,668,844,0.791,1,1,1,22,24,3,4279
Toronto Raptors,2013-14,Road,22,19,0.537,751,970,0.774,8,8,8,8,11,8,4064
Utah Jazz,2013-14,Road,9,32,0.22,642,877,0.732,26,26,26,25,22,21,3824
Washington Wizards,2013-14,Road,22,19,0.537,597,843,0.708,8,8,8,29,25,29,4140
Atlanta Hawks,2014-15,Home,35,6,0.854,671,855,0.785,2,2,2,22,24,5,4245
Boston Celtics,2014-15,Home,21,20,0.512,617,809,0.763,18,18,18,28,29,11,4158
Brooklyn Nets,2014-15,Home,19,22,0.463,697,942,0.74,21,21,21,17,16,22,4060
Charlotte Hornets,2014-15,Home,19,22,0.463,706,960,0.735,21,21,21,14,15,23,3896
Chicago Bulls,2014-15,Home,27,14,0.659,817,1036,0.789,12,12,12,2,6,3,4178
Cleveland Cavaliers,2014-15,Home,31,10,0.756,701,940,0.746,5,5,5,16,17,19,4241
Dallas Mavericks,2014-15,Home,27,14,0.659,754,1002,0.752,12,12,12,10,11,16,4370
Denver Nuggets,2014-15,Home,19,22,0.463,809,1086,0.745,21,21,21,3,2,20,4271
Detroit Pistons,2014-15,Home,18,23,0.439,687,978,0.702,24,24,24,20,13,29,4150
Golden State Warriors,2014-15,Home,39,2,0.951,656,850,0.772,1,1,1,26,25,9,4646
Houston Rockets,2014-15,Home,30,11,0.732,764,1076,0.71,7,7,7,9,4,27,4246
Indiana Pacers,2014-15,Home,23,18,0.561,671,919,0.73,15,15,15,22,21,24,4036
Los Angeles Clippers,2014-15,Home,30,11,0.732,768,1080,0.711,7,7,7,8,3,26,4346
Los Angeles Lakers,2014-15,Home,12,29,0.293,735,1021,0.72,27,27,27,12,8,25,4041
Memphis Grizzlies,2014-15,Home,31,10,0.756,736,930,0.791,5,5,5,11,19,2,4078
Miami Heat,2014-15,Home,20,21,0.488,771,1026,0.751,20,20,20,7,7,17,3970
Milwaukee Bucks,2014-15,Home,23,18,0.561,655,847,0.773,15,15,15,27,26,8,4011
Minnesota Timberwolves,2014-15,Home,9,32,0.22,806,1042,0.774,30,30,30,4,5,7,3979
New Orleans Pelicans,2014-15,Home,28,13,0.683,689,922,0.747,11,11,11,19,20,18,4168
New York Knicks,2014-15,Home,10,31,0.244,580,757,0.766,29,29,29,30,30,10,3750
Oklahoma City Thunder,2014-15,Home,29,12,0.707,795,1014,0.784,9,9,9,5,9,6,4382
Orlando Magic,2014-15,Home,13,28,0.317,604,813,0.743,26,26,26,29,28,21,3980
Philadelphia 76ers,2014-15,Home,12,29,0.293,707,1007,0.702,27,27,27,13,10,30,3905
Phoenix Suns,2014-15,Home,22,19,0.537,670,890,0.753,17,17,17,25,23,15,4209
Portland Trail Blazers,2014-15,Home,32,9,0.78,671,839,0.8,4,4,4,22,27,1,4268
Sacramento Kings,2014-15,Home,18,23,0.439,880,1157,0.761,24,24,24,1,1,13,4156
San Antonio Spurs,2014-15,Home,33,8,0.805,692,908,0.762,3,3,3,18,22,12,4404
Toronto Raptors,2014-15,Home,27,14,0.659,775,983,0.788,12,12,12,6,12,4,4211
Utah Jazz,2014-15,Home,21,20,0.512,682,961,0.71,18,18,18,21,14,28,3948
Washington Wizards,2014-15,Home,29,12,0.707,705,932,0.756,9,9,9,15,18,14,4195
Atlanta Hawks,2014-15,Road,25,16,0.61,678,880,0.77,4,4,4,14,18,8,4164
Boston Celtics,2014-15,Road,19,22,0.463,649,869,0.747,11,11,11,23,21,19,4154
Brooklyn Nets,2014-15,Road,19,22,0.463,662,875,0.757,11,11,11,18,20,14,3978
Charlotte Hornets,2014-15,Road,14,27,0.341,691,907,0.762,22,22,22,13,14,13,3825
Chicago Bulls,2014-15,Road,23,18,0.561,801,1031,0.777,6,6,6,4,4,6,4087
Cleveland Cavaliers,2014-15,Road,22,19,0.537,752,994,0.757,8,8,8,6,7,15,4216
Dallas Mavericks,2014-15,Road,23,18,0.561,632,841,0.751,6,6,6,24,26,18,4258
Denver Nuggets,2014-15,Road,11,30,0.268,653,905,0.722,25,25,25,22,15,25,4049
Detroit Pistons,2014-15,Road,14,27,0.341,605,860,0.703,22,22,22,27,23,29,3927
Golden State Warriors,2014-15,Road,28,13,0.683,657,859,0.765,1,1,1,19,24,10,4370
Houston Rockets,2014-15,Road,26,15,0.634,761,1057,0.72,2,2,2,5,3,26,4276
Indiana Pacers,2014-15,Road,15,26,0.366,702,898,0.782,21,21,21,10,16,4,3945
Los Angeles Clippers,2014-15,Road,26,15,0.634,700,987,0.709,2,2,2,11,8,28,4405
Los Angeles Lakers,2014-15,Road,9,32,0.22,698,914,0.764,27,27,27,12,12,11,4032
Memphis Grizzlies,2014-15,Road,24,17,0.585,709,939,0.755,5,5,5,8,11,17,3984
Miami Heat,2014-15,Road,17,24,0.415,667,914,0.73,15,15,15,17,12,22,3794
Milwaukee Bucks,2014-15,Road,18,23,0.439,657,887,0.741,14,14,14,19,17,20,4012
Minnesota Timberwolves,2014-15,Road,7,34,0.171,832,1068,0.779,28,28,28,2,2,5,4037
New Orleans Pelicans,2014-15,Road,17,24,0.415,656,868,0.756,15,15,15,21,22,16,3979
New York Knicks,2014-15,Road,7,34,0.171,631,818,0.771,28,28,28,25,28,7,3785
Oklahoma City Thunder,2014-15,Road,16,25,0.39,729,1006,0.725,20,20,20,7,6,24,4142
Orlando Magic,2014-15,Road,12,29,0.293,537,752,0.714,24,24,24,30,29,27,3867
Philadelphia 76ers,2014-15,Road,6,35,0.146,613,946,0.648,30,30,30,26,10,30,3637
Phoenix Suns,2014-15,Road,17,24,0.415,673,877,0.767,15,15,15,16,19,9,4188
Portland Trail Blazers,2014-15,Road,19,22,0.463,601,750,0.801,11,11,11,28,30,1,4161
Sacramento Kings,2014-15,Road,11,30,0.268,949,1243,0.763,25,25,25,1,1,12,4154
San Antonio Spurs,2014-15,Road,22,19,0.537,676,846,0.799,8,8,8,15,25,2,4057
Toronto Raptors,2014-15,Road,22,19,0.537,810,1031,0.786,8,8,8,3,4,3,4316
Utah Jazz,2014-15,Road,17,24,0.415,709,968,0.732,15,15,15,8,9,21,3853
Washington Wizards,2014-15,Road,17,24,0.415,600,826,0.726,15,15,15,29,27,23,3885
Atlanta Hawks,2015-16,Home,27,14,0.659,577,734,0.786,11,11,11,30,30,6,4247
Boston Celtics,2015-16,Home,28,13,0.683,775,987,0.785,8,8,8,11,14,7,4348
Brooklyn Nets,2015-16,Home,14,27,0.341,621,827,0.751,26,26,26,29,29,20,4056
Charlotte Hornets,2015-16,Home,30,11,0.732,815,1031,0.79,6,6,6,5,10,5,4324
Chicago Bulls,2015-16,Home,26,15,0.634,683,872,0.783,12,12,12,24,25,10,4175
Cleveland Cavaliers,2015-16,Home,33,8,0.805,683,903,0.756,3,3,3,24,23,16,4372
Dallas Mavericks,2015-16,Home,23,18,0.561,780,957,0.815,17,17,17,10,19,2,4277
Denver Nuggets,2015-16,Home,18,23,0.439,853,1103,0.773,23,23,23,4,4,13,4250
Detroit Pistons,2015-16,Home,26,15,0.634,744,1065,0.699,12,12,12,13,7,28,4307
Golden State Warriors,2015-16,Home,39,2,0.951,700,894,0.783,2,2,2,23,24,11,4767
Houston Rockets,2015-16,Home,23,18,0.561,814,1165,0.699,17,17,17,6,1,27,4357
Indiana Pacers,2015-16,Home,26,15,0.634,717,948,0.756,12,12,12,18,20,17,4219
LA Clippers,2015-16,Home,29,12,0.707,735,1062,0.692,7,7,7,15,8,29,4297
Los Angeles Lakers,2015-16,Home,12,29,0.293,803,1023,0.785,29,29,29,7,11,8,3969
Memphis Grizzlies,2015-16,Home,26,15,0.634,862,1086,0.794,12,12,12,3,6,4,4176
Miami Heat,2015-16,Home,28,13,0.683,767,1035,0.741,8,8,8,12,9,23,4232
Milwaukee Bucks,2015-16,Home,23,18,0.561,729,975,0.748,17,17,17,17,15,22,4135
Minnesota Timberwolves,2015-16,Home,14,27,0.341,899,1146,0.784,26,26,26,1,3,9,4162
New Orleans Pelicans,2015-16,Home,21,20,0.512,715,922,0.775,22,22,22,19,22,12,4343
New York Knicks,2015-16,Home,18,23,0.439,703,851,0.826,23,23,23,22,27,1,4052
Oklahoma City Thunder,2015-16,Home,32,9,0.78,784,1017,0.771,4,4,4,9,12,15,4491
Orlando Magic,2015-16,Home,23,18,0.561,650,864,0.752,17,17,17,27,26,19,4285
Philadelphia 76ers,2015-16,Home,7,34,0.171,647,959,0.675,30,30,30,28,18,30,4021
Phoenix Suns,2015-16,Home,14,27,0.341,730,974,0.749,26,26,26,16,16,21,4227
Portland Trail Blazers,2015-16,Home,28,13,0.683,705,935,0.754,8,8,8,21,21,18,4430
Sacramento Kings,2015-16,Home,18,23,0.439,796,1094,0.728,23,23,23,8,5,26,4410
San Antonio Spurs,2015-16,Home,40,1,0.976,682,850,0.802,1,1,1,26,28,3,4311
Toronto Raptors,2015-16,Home,32,9,0.78,887,1150,0.771,4,4,4,2,2,14,4303
Utah Jazz,2015-16,Home,24,17,0.585,743,1013,0.733,16,16,16,14,13,25,4041
Washington Wizards,2015-16,Home,22,19,0.537,714,968,0.738,21,21,21,20,17,24,4347
Atlanta Hawks,2015-16,Road,21,20,0.512,705,904,0.78,7,7,7,14,15,9,4186
Boston Celtics,2015-16,Road,20,21,0.488,745,942,0.791,8,8,8,7,10,5,4321
Brooklyn Nets,2015-16,Road,7,34,0.171,665,872,0.763,28,28,28,20,24,16,4033
Charlotte Hornets,2015-16,Road,18,23,0.439,719,910,0.79,13,13,13,9,14,6,4155
Chicago Bulls,2015-16,Road,16,25,0.39,671,848,0.791,16,16,16,18,28,4,4160
Cleveland Cavaliers,2015-16,Road,24,17,0.585,650,880,0.739,3,3,3,26,22,24,4183
Dallas Mavericks,2015-16,Road,19,22,0.463,674,874,0.771,10,10,10,17,23,13,4111
Denver Nuggets,2015-16,Road,15,26,0.366,660,871,0.758,20,20,20,22,26,17,4105
Detroit Pistons,2015-16,Road,18,23,0.439,655,1030,0.636,13,13,13,25,6,30,4054
Golden State Warriors,2015-16,Road,34,7,0.829,666,896,0.743,1,1,1,19,18,23,4654
Houston Rockets,2015-16,Road,18,23,0.439,857,1242,0.69,13,13,13,1,1,29,4380
Indiana Pacers,2015-16,Road,19,22,0.463,713,924,0.772,10,10,10,12,13,12,4158
LA Clippers,2015-16,Road,24,17,0.585,755,1090,0.693,3,3,3,6,2,28,4272
Los Angeles Lakers,2015-16,Road,5,36,0.122,780,1005,0.776,29,29,29,5,7,11,4013
Memphis Grizzlies,2015-16,Road,16,25,0.39,722,938,0.77,16,16,16,8,11,14,3950
Miami Heat,2015-16,Road,20,21,0.488,639,854,0.748,8,8,8,27,27,21,3972
Milwaukee Bucks,2015-16,Road,10,31,0.244,663,888,0.747,25,25,25,21,20,22,3987
Minnesota Timberwolves,2015-16,Road,15,26,0.366,854,1067,0.8,20,20,20,2,3,2,4236
New Orleans Pelicans,2015-16,Road,9,32,0.22,700,901,0.777,26,26,26,16,17,10,4080
New York Knicks,2015-16,Road,14,27,0.341,708,902,0.785,23,23,23,13,16,7,4013
Oklahoma City Thunder,2015-16,Road,23,18,0.561,832,1050,0.792,6,6,6,3,4,3,4547
Orlando Magic,2015-16,Road,12,29,0.293,599,785,0.763,24,24,24,30,30,15,4084
Philadelphia 76ers,2015-16,Road,3,38,0.073,637,891,0.715,30,30,30,28,19,27,3967
Phoenix Suns,2015-16,Road,9,32,0.22,701,931,0.753,26,26,26,15,12,20,4044
Portland Trail Blazers,2015-16,Road,16,25,0.39,719,954,0.754,16,16,16,9,9,19,4192
Sacramento Kings,2015-16,Road,15,26,0.366,718,995,0.722,20,20,20,11,8,25,4330
San Antonio Spurs,2015-16,Road,27,14,0.659,660,822,0.803,2,2,2,22,29,1,4179
Toronto Raptors,2015-16,Road,24,17,0.585,815,1040,0.784,3,3,3,4,5,8,4119
Utah Jazz,2015-16,Road,16,25,0.39,659,872,0.756,16,16,16,24,24,18,3969
Washington Wizards,2015-16,Road,19,22,0.463,635,881,0.721,10,10,10,29,21,26,4187
Atlanta Hawks,2016-17,Home,23,18,0.561,780,1074,0.726,16,16,16,11,5,28,4343
Boston Celtics,2016-17,Home,30,11,0.732,768,946,0.812,4,4,4,13,18,2,4490
Brooklyn Nets,2016-17,Home,13,28,0.317,777,989,0.786,30,30,30,12,11,13,4280
Charlotte Hornets,2016-17,Home,22,19,0.537,833,1046,0.796,19,19,19,4,7,8,4370
Chicago Bulls,2016-17,Home,25,16,0.61,782,967,0.809,12,12,12,10,16,4,4253
Cleveland Cavaliers,2016-17,Home,31,10,0.756,713,976,0.731,2,2,2,22,15,27,4622
Dallas Mavericks,2016-17,Home,21,20,0.512,668,813,0.822,21,21,21,27,29,1,4074
Denver Nuggets,2016-17,Home,22,19,0.537,765,1001,0.764,19,19,19,15,9,19,4669
Detroit Pistons,2016-17,Home,24,17,0.585,570,809,0.705,14,14,14,30,30,29,4222
Golden State Warriors,2016-17,Home,36,5,0.878,687,890,0.772,1,1,1,25,26,17,4872
Houston Rockets,2016-17,Home,30,11,0.732,861,1140,0.755,4,4,4,2,1,21,4805
Indiana Pacers,2016-17,Home,29,12,0.707,717,885,0.81,7,7,7,20,27,3,4383
LA Clippers,2016-17,Home,29,12,0.707,816,1085,0.752,7,7,7,5,2,23,4495
Los Angeles Lakers,2016-17,Home,17,24,0.415,709,942,0.753,25,25,25,24,20,22,4410
Memphis Grizzlies,2016-17,Home,24,17,0.585,784,997,0.786,14,14,14,7,10,12,4069
Miami Heat,2016-17,Home,23,18,0.561,650,941,0.691,16,16,16,28,21,30,4365
Milwaukee Bucks,2016-17,Home,23,18,0.561,767,978,0.784,16,16,16,14,13,14,4348
Minnesota Timberwolves,2016-17,Home,20,21,0.488,813,1025,0.793,23,23,23,6,8,9,4370
New Orleans Pelicans,2016-17,Home,21,20,0.512,727,946,0.768,21,21,21,16,18,18,4413
New York Knicks,2016-17,Home,19,22,0.463,642,825,0.778,24,24,24,29,28,15,4300
Oklahoma City Thunder,2016-17,Home,28,13,0.683,784,1059,0.74,10,10,10,7,6,26,4491
Orlando Magic,2016-17,Home,16,25,0.39,682,918,0.743,28,28,28,26,22,25,4109
Philadelphia 76ers,2016-17,Home,17,24,0.415,713,917,0.778,25,25,25,22,23,16,4198
Phoenix Suns,2016-17,Home,15,26,0.366,856,1084,0.79,29,29,29,3,3,10,4497
Portland Trail Blazers,2016-17,Home,25,16,0.61,721,949,0.76,12,12,12,19,17,20,4507
Sacramento Kings,2016-17,Home,17,24,0.415,784,983,0.798,25,25,25,7,12,7,4307
San Antonio Spurs,2016-17,Home,31,10,0.756,716,907,0.789,2,2,2,21,24,11,4331
Toronto Raptors,2016-17,Home,28,13,0.683,871,1082,0.805,10,10,10,1,4,5,4547
Utah Jazz,2016-17,Home,29,12,0.707,726,977,0.743,7,7,7,17,14,24,4146
Washington Wizards,2016-17,Home,30,11,0.732,724,904,0.801,4,4,4,18,25,6,4527
Atlanta Hawks,2016-17,Road,20,21,0.488,704,965,0.73,8,8,8,18,8,28,4116
Boston Celtics,2016-17,Road,23,18,0.561,768,957,0.803,4,4,4,10,11,5,4367
Brooklyn Nets,2016-17,Road,7,34,0.171,815,1031,0.79,30,30,30,2,5,9,4393
Charlotte Hornets,2016-17,Road,14,27,0.341,758,907,0.836,19,19,19,11,19,1,4231
Chicago Bulls,2016-17,Road,16,25,0.39,692,881,0.785,16,16,16,21,24,11,4182
Cleveland Cavaliers,2016-17,Road,20,21,0.488,718,937,0.766,8,8,8,17,13,17,4426
Dallas Mavericks,2016-17,Road,12,29,0.293,547,703,0.778,24,24,24,30,30,14,3955
Denver Nuggets,2016-17,Road,18,23,0.439,772,985,0.784,14,14,14,7,7,12,4492
Detroit Pistons,2016-17,Road,13,28,0.317,570,777,0.734,20,20,20,29,29,27,4087
Golden State Warriors,2016-17,Road,31,10,0.756,770,960,0.802,1,1,1,8,10,6,4631
Houston Rockets,2016-17,Road,25,16,0.61,806,1037,0.777,3,3,3,3,4,15,4653
Indiana Pacers,2016-17,Road,13,28,0.317,750,926,0.81,20,20,20,12,15,2,4235
LA Clippers,2016-17,Road,22,19,0.537,770,1043,0.738,6,6,6,8,3,26,4416
Los Angeles Lakers,2016-17,Road,9,32,0.22,688,911,0.755,28,28,28,22,17,20,4165
Memphis Grizzlies,2016-17,Road,19,22,0.463,720,921,0.782,10,10,10,16,16,13,4170
Miami Heat,2016-17,Road,18,23,0.439,598,827,0.723,14,14,14,28,28,30,4095
Milwaukee Bucks,2016-17,Road,19,22,0.463,646,861,0.75,10,10,10,25,26,25,4149
Minnesota Timberwolves,2016-17,Road,11,30,0.268,773,961,0.804,26,26,26,6,9,4,4287
New Orleans Pelicans,2016-17,Road,13,28,0.317,641,879,0.729,20,20,20,26,25,29,4143
New York Knicks,2016-17,Road,12,29,0.293,722,906,0.797,24,24,24,15,20,8,4256
Oklahoma City Thunder,2016-17,Road,19,22,0.463,791,1054,0.75,10,10,10,5,2,24,4250
Orlando Magic,2016-17,Road,13,28,0.317,627,835,0.751,20,20,20,27,27,23,4179
Philadelphia 76ers,2016-17,Road,11,30,0.268,680,889,0.765,26,26,26,23,23,18,4202
Phoenix Suns,2016-17,Road,9,32,0.22,820,1075,0.763,28,28,28,1,1,19,4334
Portland Trail Blazers,2016-17,Road,16,25,0.39,792,991,0.799,16,16,16,4,6,7,4344
Sacramento Kings,2016-17,Road,15,26,0.366,699,930,0.752,18,18,18,19,14,22,4123
San Antonio Spurs,2016-17,Road,30,11,0.732,724,899,0.805,2,2,2,14,21,3,4306
Toronto Raptors,2016-17,Road,23,18,0.561,744,946,0.786,4,4,4,13,12,10,4215
Utah Jazz,2016-17,Road,22,19,0.537,675,898,0.752,6,6,6,24,22,21,4112
Washington Wizards,2016-17,Road,19,22,0.463,697,908,0.768,10,10,10,20,18,16,4426
Atlanta Hawks,2017-18,Home,16,25,0.39,666,846,0.787,25,25,25,18,20,7,4295
Boston Celtics,2017-18,Home,27,14,0.659,646,844,0.765,11,11,11,22,21,18,4318
Brooklyn Nets,2017-18,Home,15,26,0.366,729,945,0.771,27,27,27,9,10,12,4340
Charlotte Hornets,2017-18,Home,21,20,0.512,857,1131,0.758,20,20,20,1,1,21,4507
Chicago Bulls,2017-18,Home,17,24,0.415,566,736,0.769,23,23,23,29,29,14,4236
Cleveland Cavaliers,2017-18,Home,29,12,0.707,743,968,0.768,7,7,7,8,9,17,4570
Dallas Mavericks,2017-18,Home,15,26,0.366,634,824,0.769,27,27,27,24,23,13,4257
Denver Nuggets,2017-18,Home,31,10,0.756,744,983,0.757,4,4,4,7,7,22,4576
Detroit Pistons,2017-18,Home,25,16,0.61,633,855,0.74,15,15,15,25,19,27,4335
Golden State Warriors,2017-18,Home,29,12,0.707,644,775,0.831,7,7,7,23,28,1,4638
Houston Rockets,2017-18,Home,34,7,0.829,840,1093,0.769,1,1,1,2,2,15,4690
Indiana Pacers,2017-18,Home,27,14,0.659,618,819,0.755,11,11,11,27,24,24,4384
LA Clippers,2017-18,Home,22,19,0.537,808,1088,0.743,19,19,19,3,3,26,4498
Los Angeles Lakers,2017-18,Home,20,21,0.488,657,914,0.719,21,21,21,19,12,30,4380
Memphis Grizzlies,2017-18,Home,16,25,0.39,697,901,0.774,25,25,25,13,13,10,4109
Miami Heat,2017-18,Home,26,15,0.634,609,801,0.76,14,14,14,28,27,19,4290
Milwaukee Bucks,2017-18,Home,25,16,0.61,791,1006,0.786,15,15,15,5,5,8,4378
Minnesota Timberwolves,2017-18,Home,30,11,0.732,792,999,0.793,5,5,5,4,6,4,4569
New Orleans Pelicans,2017-18,Home,24,17,0.585,685,867,0.79,17,17,17,15,17,6,4647
New York Knicks,2017-18,Home,19,22,0.463,620,802,0.773,22,22,22,26,26,11,4379
Oklahoma City Thunder,2017-18,Home,27,14,0.659,751,1035,0.726,11,11,11,6,4,29,4468
Orlando Magic,2017-18,Home,17,24,0.415,657,871,0.754,23,23,23,19,16,25,4253
Philadelphia 76ers,2017-18,Home,30,11,0.732,673,890,0.756,5,5,5,17,15,23,4576
Phoenix Suns,2017-18,Home,10,31,0.244,711,978,0.727,30,30,30,10,8,28,4230
Portland Trail Blazers,2017-18,Home,28,13,0.683,687,842,0.816,9,9,9,14,22,2,4379
Sacramento Kings,2017-18,Home,14,27,0.341,519,683,0.76,29,29,29,30,30,20,4128
San Antonio Spurs,2017-18,Home,33,8,0.805,649,817,0.794,3,3,3,21,25,3,4325
Toronto Raptors,2017-18,Home,34,7,0.829,678,858,0.79,1,1,1,16,18,5,4599
Utah Jazz,2017-18,Home,28,13,0.683,704,917,0.768,9,9,9,11,11,16,4283
Washington Wizards,2017-18,Home,23,18,0.561,702,901,0.779,18,18,18,12,13,9,4448
Atlanta Hawks,2017-18,Road,8,33,0.195,632,808,0.782,28,28,28,22,23,11,4180
Boston Celtics,2017-18,Road,28,13,0.683,662,853,0.776,3,3,3,19,17,14,4211
Brooklyn Nets,2017-18,Road,13,28,0.317,699,905,0.772,22,22,22,12,12,15,4401
Charlotte Hornets,2017-18,Road,15,26,0.366,799,1085,0.736,17,17,17,2,1,27,4367
Chicago Bulls,2017-18,Road,10,31,0.244,628,838,0.749,25,25,25,23,21,23,4204
Cleveland Cavaliers,2017-18,Road,21,20,0.512,745,941,0.792,7,7,7,5,9,8,4521
Dallas Mavericks,2017-18,Road,9,32,0.22,533,706,0.755,27,27,27,29,29,18,4133
Denver Nuggets,2017-18,Road,15,26,0.366,660,847,0.779,17,17,17,20,20,12,4444
Detroit Pistons,2017-18,Road,14,27,0.341,574,766,0.749,20,20,20,28,26,24,4174
Golden State Warriors,2017-18,Road,29,12,0.707,716,893,0.802,2,2,2,9,14,3,4666
Houston Rockets,2017-18,Road,31,10,0.756,769,968,0.794,1,1,1,3,7,7,4523
Indiana Pacers,2017-18,Road,21,20,0.512,607,754,0.805,7,7,7,25,28,2,4272
LA Clippers,2017-18,Road,20,21,0.488,748,1007,0.743,11,11,11,4,2,26,4439
Los Angeles Lakers,2017-18,Road,15,26,0.366,707,996,0.71,17,17,17,11,3,29,4482
Memphis Grizzlies,2017-18,Road,6,35,0.146,664,831,0.799,30,30,30,18,22,5,4036
Miami Heat,2017-18,Road,18,23,0.439,600,800,0.75,15,15,15,27,25,22,4190
Milwaukee Bucks,2017-18,Road,19,22,0.463,708,909,0.779,14,14,14,10,11,13,4353
Minnesota Timberwolves,2017-18,Road,17,24,0.415,800,981,0.815,16,16,16,1,5,1,4411
New Orleans Pelicans,2017-18,Road,24,17,0.585,639,849,0.753,5,5,5,21,18,20,4514
New York Knicks,2017-18,Road,10,31,0.244,605,755,0.801,25,25,25,26,27,4,4187
Oklahoma City Thunder,2017-18,Road,21,20,0.512,670,950,0.705,7,7,7,17,8,30,4376
Orlando Magic,2017-18,Road,8,33,0.195,614,807,0.761,28,28,28,24,24,17,4226
Philadelphia 76ers,2017-18,Road,22,19,0.537,732,978,0.748,6,6,6,8,6,25,4428
Phoenix Suns,2017-18,Road,11,30,0.268,742,984,0.754,24,24,24,7,4,19,4292
Portland Trail Blazers,2017-18,Road,21,20,0.512,685,873,0.785,7,7,7,13,16,10,4282
Sacramento Kings,2017-18,Road,13,28,0.317,489,688,0.711,22,22,22,30,30,28,3976
San Antonio Spurs,2017-18,Road,14,27,0.341,675,898,0.752,20,20,20,15,13,21,4099
Toronto Raptors,2017-18,Road,25,16,0.61,744,932,0.798,4,4,4,6,10,6,4557
Utah Jazz,2017-18,Road,20,21,0.488,671,849,0.79,11,11,11,16,18,9,4257
Washington Wizards,2017-18,Road,20,21,0.488,676,885,0.764,11,11,11,14,15,16,4294
Atlanta Hawks,2018-19,Home,17,23,0.425,717,940,0.763,26,26,26,13,12,19,4613
Boston Celtics,2018-19,Home,28,12,0.7,625,777,0.804,10,10,10,28,30,3,4570
Brooklyn Nets,2018-19,Home,22,18,0.55,770,1028,0.749,20,20,20,6,5,23,4554
Charlotte Hornets,2018-19,Home,25,15,0.625,769,957,0.804,13,15,15,7,10,4,4525
Chicago Bulls,2018-19,Home,9,30,0.231,611,780,0.783,29,29,29,29,29,13,4065
Cleveland Cavaliers,2018-19,Home,13,26,0.333,637,796,0.8,27,27,27,27,28,5,4125
Dallas Mavericks,2018-19,Home,23,17,0.575,799,1079,0.741,19,19,19,4,3,24,4403
Denver Nuggets,2018-19,Home,33,7,0.825,669,870,0.769,1,2,2,22,22,17,4580
Detroit Pistons,2018-19,Home,25,14,0.641,691,936,0.738,13,12,13,17,13,25,4264
Golden State Warriors,2018-19,Home,29,11,0.725,662,830,0.798,8,8,8,23,25,7,4713
Houston Rockets,2018-19,Home,30,10,0.75,843,1065,0.792,5,6,6,3,4,10,4639
Indiana Pacers,2018-19,Home,29,11,0.725,610,812,0.751,8,8,8,30,27,22,4360
LA Clippers,2018-19,Home,25,15,0.625,881,1106,0.797,13,15,15,2,2,8,4691
Los Angeles Lakers,2018-19,Home,21,18,0.538,648,935,0.693,22,20,22,24,14,29,4337
Memphis Grizzlies,2018-19,Home,20,19,0.513,710,929,0.764,23,23,23,14,16,18,4030
Miami Heat,2018-19,Home,18,22,0.45,638,924,0.69,25,25,25,26,18,30,4225
Milwaukee Bucks,2018-19,Home,32,6,0.842,680,874,0.778,2,1,1,20,21,14,4555
Minnesota Timberwolves,2018-19,Home,25,14,0.641,779,991,0.786,13,12,13,5,9,11,4474
New Orleans Pelicans,2018-19,Home,19,21,0.475,726,944,0.769,24,24,24,11,11,16,4617
New York Knicks,2018-19,Home,8,31,0.205,708,932,0.76,30,30,30,15,15,21,4140
Oklahoma City Thunder,2018-19,Home,26,14,0.65,725,1022,0.709,12,12,12,12,7,28,4582
Orlando Magic,2018-19,Home,25,16,0.61,643,820,0.784,13,17,17,25,26,12,4483
Philadelphia 76ers,2018-19,Home,30,10,0.75,907,1145,0.792,5,6,6,1,1,9,4723
Phoenix Suns,2018-19,Home,12,29,0.293,689,890,0.774,28,28,28,18,20,15,4410
Portland Trail Blazers,2018-19,Home,30,9,0.769,747,927,0.806,5,3,5,10,17,2,4595
Sacramento Kings,2018-19,Home,24,16,0.6,671,924,0.726,18,17,18,21,18,27,4583
San Antonio Spurs,2018-19,Home,31,9,0.775,698,852,0.819,3,3,3,16,24,1,4520
Toronto Raptors,2018-19,Home,31,9,0.775,687,861,0.798,3,3,3,19,23,6,4604
Utah Jazz,2018-19,Home,28,12,0.7,753,1025,0.735,10,10,10,9,6,26,4500
Washington Wizards,2018-19,Home,22,18,0.55,764,1003,0.762,20,20,20,8,8,20,4663
Atlanta Hawks,2018-19,Road,12,28,0.3,685,921,0.744,22,23,23,17,13,23,4440
Boston Celtics,2018-19,Road,20,20,0.5,634,784,0.809,7,10,10,27,29,4,4422
Brooklyn Nets,2018-19,Road,17,22,0.436,744,1008,0.738,14,13,14,5,3,25,4296
Charlotte Hornets,2018-19,Road,12,27,0.308,687,871,0.789,22,20,22,15,21,9,4214
Chicago Bulls,2018-19,Road,13,27,0.325,676,856,0.79,20,20,20,21,24,7,4249
Cleveland Cavaliers,2018-19,Road,6,35,0.146,679,863,0.787,30,30,30,19,23,11,4255
Dallas Mavericks,2018-19,Road,8,31,0.205,684,924,0.74,27,27,27,18,11,24,4181
Denver Nuggets,2018-19,Road,20,19,0.513,589,785,0.75,7,7,7,28,28,21,4180
Detroit Pistons,2018-19,Road,14,26,0.35,672,894,0.752,19,18,19,22,19,20,4208
Golden State Warriors,2018-19,Road,26,13,0.667,638,792,0.806,2,1,1,26,27,5,4577
Houston Rockets,2018-19,Road,22,18,0.55,706,895,0.789,4,4,4,13,18,8,4442
Indiana Pacers,2018-19,Road,18,22,0.45,651,869,0.749,13,13,13,25,22,22,4266
LA Clippers,2018-19,Road,22,18,0.55,931,1175,0.792,4,4,4,1,1,6,4504
Los Angeles Lakers,2018-19,Road,15,26,0.366,663,937,0.708,15,18,18,23,10,29,4614
Memphis Grizzlies,2018-19,Road,12,28,0.3,687,886,0.775,22,23,23,15,20,13,4108
Miami Heat,2018-19,Road,20,19,0.513,559,801,0.698,7,7,7,29,26,30,4118
Milwaukee Bucks,2018-19,Road,27,14,0.659,736,954,0.771,1,2,2,6,9,16,4772
Minnesota Timberwolves,2018-19,Road,11,29,0.275,752,955,0.787,25,25,25,3,7,10,4428
New Orleans Pelicans,2018-19,Road,13,27,0.325,720,955,0.754,20,20,20,10,7,19,4613
New York Knicks,2018-19,Road,7,33,0.175,736,967,0.761,28,29,29,6,6,17,4137
Oklahoma City Thunder,2018-19,Road,20,19,0.513,690,968,0.713,7,7,7,14,5,28,4434
Orlando Magic,2018-19,Road,15,24,0.385,551,713,0.773,15,15,15,30,30,15,4079
Philadelphia 76ers,2018-19,Road,19,20,0.487,797,1056,0.755,12,10,12,2,2,18,4382
Phoenix Suns,2018-19,Road,7,32,0.179,722,919,0.786,28,28,28,9,14,12,4183
Portland Trail Blazers,2018-19,Road,20,20,0.5,752,914,0.823,7,10,10,3,15,1,4452
Sacramento Kings,2018-19,Road,15,25,0.375,657,908,0.724,15,16,16,24,16,27,4520
San Antonio Spurs,2018-19,Road,15,25,0.375,678,828,0.819,15,16,16,20,25,2,4419
Toronto Raptors,2018-19,Road,25,15,0.625,727,898,0.81,3,3,3,8,17,3,4543
Utah Jazz,2018-19,Road,21,18,0.538,712,972,0.733,6,4,6,12,4,26,4297
Washington Wizards,2018-19,Road,10,30,0.25,716,924,0.775,26,26,26,11,11,14,4467
