,Team,Season,Venue,Wins,Loss,Win%,FT Made,FT Att,FT%,Win Rnk,Loss Rnk,Win% Rnk,FT Made Rnk,FT ATT Rnk,FT% Rnk
0,Atlanta Hawks,2012-13,Home,25,16,0.61,595,856,0.695,15,15,15,27,24,28
1,Boston Celtics,2012-13,Home,27,13,0.675,675,889,0.759,13,12,13,20,21,15
2,Brooklyn Nets,2012-13,Home,26,15,0.634,724,1003,0.722,14,14,14,11,10,25
3,Charlotte Bobcats,2012-13,Home,15,26,0.366,823,1076,0.765,28,28,28,3,6,11
4,Chicago Bulls,2012-13,Home,24,17,0.585,685,892,0.768,16,16,16,17,20,10
5,Cleveland Cavaliers,2012-13,Home,14,27,0.341,707,933,0.758,29,29,29,13,13,16
6,Dallas Mavericks,2012-13,Home,24,17,0.585,678,868,0.781,16,16,16,19,23,4
7,Denver Nuggets,2012-13,Home,38,3,0.927,766,1089,0.703,1,1,1,7,4,27
8,Detroit Pistons,2012-13,Home,18,23,0.439,638,918,0.695,25,25,25,25,15,29
9,Golden State Warriors,2012-13,Home,28,13,0.683,704,902,0.78,12,12,12,16,16,6
10,Houston Rockets,2012-13,Home,29,12,0.707,826,1084,0.762,10,10,10,2,5,13
11,Indiana Pacers,2012-13,Home,30,11,0.732,752,1016,0.74,8,8,8,8,7,20
12,Los Angeles Clippers,2012-13,Home,32,9,0.78,656,901,0.728,5,5,5,23,18,24
13,Los Angeles Lakers,2012-13,Home,29,12,0.707,748,1124,0.665,10,10,10,9,1,30
14,Memphis Grizzlies,2012-13,Home,32,9,0.78,644,828,0.778,5,5,5,24,26,7
15,Miami Heat,2012-13,Home,37,4,0.902,780,1008,0.774,2,2,2,6,9,8
16,Milwaukee Bucks,2012-13,Home,21,20,0.512,662,886,0.747,21,21,21,22,22,18
17,Minnesota Timberwolves,2012-13,Home,20,21,0.488,805,1093,0.737,23,23,23,4,2,22
18,New Orleans Hornets,2012-13,Home,16,25,0.39,571,767,0.744,27,27,27,28,28,19
19,New York Knicks,2012-13,Home,31,10,0.756,685,899,0.762,7,7,7,17,19,14
20,Oklahoma City Thunder,2012-13,Home,34,7,0.829,912,1092,0.835,4,4,4,1,3,1
21,Orlando Magic,2012-13,Home,12,29,0.293,507,675,0.751,30,30,30,29,29,17
22,Philadelphia 76ers,2012-13,Home,23,18,0.561,476,669,0.712,18,18,18,30,30,26
23,Phoenix Suns,2012-13,Home,17,24,0.415,599,819,0.731,26,26,26,26,27,23
24,Portland Trail Blazers,2012-13,Home,22,19,0.537,707,902,0.784,19,19,19,13,16,3
25,Sacramento Kings,2012-13,Home,20,21,0.488,791,1013,0.781,23,23,23,5,8,5
26,San Antonio Spurs,2012-13,Home,35,6,0.854,667,839,0.795,3,3,3,21,25,2
27,Toronto Raptors,2012-13,Home,21,20,0.512,715,926,0.772,21,21,21,12,14,9
28,Utah Jazz,2012-13,Home,30,11,0.732,740,971,0.762,8,8,8,10,11,12
29,Washington Wizards,2012-13,Home,22,19,0.537,706,955,0.739,19,19,19,15,12,21
30,Atlanta Hawks,2012-13,Road,19,22,0.463,563,763,0.738,9,10,10,28,28,22
31,Boston Celtics,2012-13,Road,14,27,0.341,643,809,0.795,17,17,17,21,23,6
32,Brooklyn Nets,2012-13,Road,23,18,0.561,708,955,0.741,5,5,5,8,7,21
33,Charlotte Bobcats,2012-13,Road,6,35,0.146,723,984,0.735,30,30,30,6,6,23
34,Chicago Bulls,2012-13,Road,21,20,0.512,658,846,0.778,8,8,8,18,19,8
35,Cleveland Cavaliers,2012-13,Road,10,31,0.244,673,893,0.754,25,25,25,16,14,16
36,Dallas Mavericks,2012-13,Road,17,24,0.415,645,801,0.805,13,13,13,20,24,2
37,Denver Nuggets,2012-13,Road,19,22,0.463,739,1059,0.698,9,10,10,4,3,29
38,Detroit Pistons,2012-13,Road,11,30,0.268,669,952,0.703,20,20,20,17,8,28
39,Golden State Warriors,2012-13,Road,19,22,0.463,674,842,0.8,9,10,10,15,20,5
40,Houston Rockets,2012-13,Road,16,25,0.39,747,1003,0.745,15,15,15,3,4,20
41,Indiana Pacers,2012-13,Road,19,21,0.475,677,899,0.753,9,9,9,14,13,17
42,Los Angeles Clippers,2012-13,Road,24,17,0.585,686,987,0.695,3,3,3,13,5,30
43,Los Angeles Lakers,2012-13,Road,16,25,0.39,836,1165,0.718,15,15,15,2,1,27
44,Memphis Grizzlies,2012-13,Road,24,17,0.585,705,918,0.768,3,3,3,9,10,9
45,Miami Heat,2012-13,Road,29,12,0.707,643,879,0.732,1,1,1,21,16,24
46,Milwaukee Bucks,2012-13,Road,17,24,0.415,589,814,0.724,13,13,13,26,22,26
47,Minnesota Timberwolves,2012-13,Road,11,30,0.268,710,949,0.748,20,20,20,7,9,18
48,New Orleans Hornets,2012-13,Road,11,30,0.268,698,869,0.803,20,20,20,11,17,4
49,New York Knicks,2012-13,Road,23,18,0.561,628,830,0.757,5,5,5,23,21,13
50,Oklahoma City Thunder,2012-13,Road,26,15,0.634,907,1104,0.822,2,2,2,1,2,1
51,Orlando Magic,2012-13,Road,8,33,0.195,519,684,0.759,26,26,26,30,30,12
52,Philadelphia 76ers,2012-13,Road,11,30,0.268,528,708,0.746,20,20,20,29,29,19
53,Phoenix Suns,2012-13,Road,8,33,0.195,604,799,0.756,26,26,26,24,25,14
54,Portland Trail Blazers,2012-13,Road,11,30,0.268,597,778,0.767,20,20,20,25,27,10
55,Sacramento Kings,2012-13,Road,8,33,0.195,646,856,0.755,26,26,26,19,18,15
56,San Antonio Spurs,2012-13,Road,23,18,0.561,698,886,0.788,5,5,5,11,15,7
57,Toronto Raptors,2012-13,Road,13,28,0.317,727,905,0.803,18,18,18,5,12,3
58,Utah Jazz,2012-13,Road,13,28,0.317,699,912,0.766,18,18,18,10,11,11
59,Washington Wizards,2012-13,Road,7,34,0.171,573,791,0.724,29,29,29,27,26,25
60,Atlanta Hawks,2013-14,Home,24,17,0.585,738,940,0.785,16,16,16,15,18,6
61,Boston Celtics,2013-14,Home,16,25,0.39,648,833,0.778,26,26,26,28,28,11
62,Brooklyn Nets,2013-14,Home,28,13,0.683,771,1028,0.75,8,8,8,10,10,22
63,Charlotte Bobcats,2013-14,Home,25,16,0.61,751,1010,0.744,15,15,15,14,11,25
64,Chicago Bulls,2013-14,Home,27,14,0.659,735,940,0.782,9,9,9,16,18,9
65,Cleveland Cavaliers,2013-14,Home,19,22,0.463,702,941,0.746,21,21,21,20,17,24
66,Dallas Mavericks,2013-14,Home,26,15,0.634,780,975,0.8,12,12,12,9,14,2
67,Denver Nuggets,2013-14,Home,22,19,0.537,783,1080,0.725,18,18,18,8,6,27
68,Detroit Pistons,2013-14,Home,17,24,0.415,722,1075,0.672,24,24,24,18,7,30
69,Golden State Warriors,2013-14,Home,27,14,0.659,642,819,0.784,9,9,9,29,29,7
70,Houston Rockets,2013-14,Home,33,8,0.805,955,1349,0.708,4,4,4,1,1,28
71,Indiana Pacers,2013-14,Home,35,6,0.854,767,972,0.789,1,1,1,12,15,5
72,Los Angeles Clippers,2013-14,Home,34,7,0.829,921,1259,0.732,2,2,2,2,2,26
73,Los Angeles Lakers,2013-14,Home,14,27,0.341,685,900,0.761,28,28,28,23,23,15
74,Memphis Grizzlies,2013-14,Home,27,14,0.659,665,885,0.751,9,9,9,25,24,21
75,Miami Heat,2013-14,Home,32,9,0.78,728,963,0.756,5,5,5,17,16,18
76,Milwaukee Bucks,2013-14,Home,10,31,0.244,678,906,0.748,29,29,29,24,22,23
77,Minnesota Timberwolves,2013-14,Home,24,17,0.585,919,1173,0.783,16,16,16,3,3,8
78,New Orleans Pelicans,2013-14,Home,22,19,0.537,766,989,0.775,18,18,18,13,12,13
79,New York Knicks,2013-14,Home,19,22,0.463,664,876,0.758,21,21,21,26,26,17
80,Oklahoma City Thunder,2013-14,Home,34,7,0.829,834,1052,0.793,2,2,2,6,8,3
81,Orlando Magic,2013-14,Home,19,22,0.463,686,884,0.776,21,21,21,22,25,12
82,Philadelphia 76ers,2013-14,Home,10,31,0.244,691,986,0.701,29,29,29,21,13,29
83,Phoenix Suns,2013-14,Home,26,15,0.634,785,1041,0.754,12,12,12,7,9,19
84,Portland Trail Blazers,2013-14,Home,31,10,0.756,768,933,0.823,7,7,7,11,20,1
85,Sacramento Kings,2013-14,Home,17,24,0.415,876,1139,0.769,24,24,24,4,4,14
86,San Antonio Spurs,2013-14,Home,32,9,0.78,621,798,0.778,5,5,5,30,30,10
87,Toronto Raptors,2013-14,Home,26,15,0.634,857,1085,0.79,12,12,12,5,5,4
88,Utah Jazz,2013-14,Home,16,25,0.39,704,926,0.76,26,26,26,19,21,16
89,Washington Wizards,2013-14,Home,22,19,0.537,656,872,0.752,18,18,18,27,27,20
90,Atlanta Hawks,2013-14,Road,14,27,0.341,654,842,0.777,19,19,19,24,26,5
91,Boston Celtics,2013-14,Road,9,32,0.22,677,873,0.775,26,26,26,20,23,7
92,Brooklyn Nets,2013-14,Road,16,25,0.39,737,974,0.757,17,17,17,10,10,15
93,Charlotte Bobcats,2013-14,Road,18,23,0.439,723,990,0.73,15,15,15,12,9,22
94,Chicago Bulls,2013-14,Road,21,20,0.512,751,968,0.776,12,12,12,8,12,6
95,Cleveland Cavaliers,2013-14,Road,14,27,0.341,696,920,0.757,19,19,19,18,20,16
96,Dallas Mavericks,2013-14,Road,23,18,0.561,598,758,0.789,4,4,4,28,30,4
97,Denver Nuggets,2013-14,Road,14,27,0.341,780,1074,0.726,19,19,19,7,5,25
98,Detroit Pistons,2013-14,Road,12,29,0.293,693,1036,0.669,23,23,23,19,6,30
99,Golden State Warriors,2013-14,Road,24,17,0.585,661,912,0.725,3,3,3,23,21,26
100,Houston Rockets,2013-14,Road,21,20,0.512,859,1200,0.716,12,12,12,2,1,28
101,Indiana Pacers,2013-14,Road,21,20,0.512,718,935,0.768,12,12,12,14,16,10
102,Los Angeles Clippers,2013-14,Road,23,18,0.561,820,1125,0.729,4,4,4,4,3,24
103,Los Angeles Lakers,2013-14,Road,13,28,0.317,705,935,0.754,22,22,22,15,16,17
104,Memphis Grizzlies,2013-14,Road,23,18,0.561,570,781,0.73,4,4,4,30,29,23
105,Miami Heat,2013-14,Road,22,19,0.537,703,921,0.763,8,8,8,16,19,13
106,Milwaukee Bucks,2013-14,Road,5,36,0.122,699,937,0.746,29,29,29,17,15,20
107,Minnesota Timberwolves,2013-14,Road,16,25,0.39,871,1128,0.772,17,17,17,1,2,9
108,New Orleans Pelicans,2013-14,Road,12,29,0.293,723,947,0.763,23,23,23,12,14,12
109,New York Knicks,2013-14,Road,18,23,0.439,607,794,0.764,15,15,15,27,28,11
110,Oklahoma City Thunder,2013-14,Road,25,16,0.61,819,1000,0.819,2,2,2,5,7,1
111,Orlando Magic,2013-14,Road,4,37,0.098,621,830,0.748,30,30,30,26,27,19
112,Philadelphia 76ers,2013-14,Road,9,32,0.22,671,932,0.72,26,26,26,21,18,27
113,Phoenix Suns,2013-14,Road,22,19,0.537,735,963,0.763,8,8,8,11,13,14
114,Portland Trail Blazers,2013-14,Road,23,18,0.561,801,993,0.807,4,4,4,6,8,2
115,Sacramento Kings,2013-14,Road,11,30,0.268,822,1098,0.749,25,25,25,3,4,18
116,San Antonio Spurs,2013-14,Road,30,11,0.732,668,844,0.791,1,1,1,22,24,3
117,Toronto Raptors,2013-14,Road,22,19,0.537,751,970,0.774,8,8,8,8,11,8
118,Utah Jazz,2013-14,Road,9,32,0.22,642,877,0.732,26,26,26,25,22,21
119,Washington Wizards,2013-14,Road,22,19,0.537,597,843,0.708,8,8,8,29,25,29
120,Atlanta Hawks,2014-15,Home,35,6,0.854,671,855,0.785,2,2,2,22,24,5
121,Boston Celtics,2014-15,Home,21,20,0.512,617,809,0.763,18,18,18,28,29,11
122,Brooklyn Nets,2014-15,Home,19,22,0.463,697,942,0.74,21,21,21,17,16,22
123,Charlotte Hornets,2014-15,Home,19,22,0.463,706,960,0.735,21,21,21,14,15,23
124,Chicago Bulls,2014-15,Home,27,14,0.659,817,1036,0.789,12,12,12,2,6,3
125,Cleveland Cavaliers,2014-15,Home,31,10,0.756,701,940,0.746,5,5,5,16,17,19
126,Dallas Mavericks,2014-15,Home,27,14,0.659,754,1002,0.752,12,12,12,10,11,16
127,Denver Nuggets,2014-15,Home,19,22,0.463,809,1086,0.745,21,21,21,3,2,20
128,Detroit Pistons,2014-15,Home,18,23,0.439,687,978,0.702,24,24,24,20,13,29
129,Golden State Warriors,2014-15,Home,39,2,0.951,656,850,0.772,1,1,1,26,25,9
130,Houston Rockets,2014-15,Home,30,11,0.732,764,1076,0.71,7,7,7,9,4,27
131,Indiana Pacers,2014-15,Home,23,18,0.561,671,919,0.73,15,15,15,22,21,24
132,Los Angeles Clippers,2014-15,Home,30,11,0.732,768,1080,0.711,7,7,7,8,3,26
133,Los Angeles Lakers,2014-15,Home,12,29,0.293,735,1021,0.72,27,27,27,12,8,25
134,Memphis Grizzlies,2014-15,Home,31,10,0.756,736,930,0.791,5,5,5,11,19,2
135,Miami Heat,2014-15,Home,20,21,0.488,771,1026,0.751,20,20,20,7,7,17
136,Milwaukee Bucks,2014-15,Home,23,18,0.561,655,847,0.773,15,15,15,27,26,8
137,Minnesota Timberwolves,2014-15,Home,9,32,0.22,806,1042,0.774,30,30,30,4,5,7
138,New Orleans Pelicans,2014-15,Home,28,13,0.683,689,922,0.747,11,11,11,19,20,18
139,New York Knicks,2014-15,Home,10,31,0.244,580,757,0.766,29,29,29,30,30,10
140,Oklahoma City Thunder,2014-15,Home,29,12,0.707,795,1014,0.784,9,9,9,5,9,6
141,Orlando Magic,2014-15,Home,13,28,0.317,604,813,0.743,26,26,26,29,28,21
142,Philadelphia 76ers,2014-15,Home,12,29,0.293,707,1007,0.702,27,27,27,13,10,30
143,Phoenix Suns,2014-15,Home,22,19,0.537,670,890,0.753,17,17,17,25,23,15
144,Portland Trail Blazers,2014-15,Home,32,9,0.78,671,839,0.8,4,4,4,22,27,1
145,Sacramento Kings,2014-15,Home,18,23,0.439,880,1157,0.761,24,24,24,1,1,13
146,San Antonio Spurs,2014-15,Home,33,8,0.805,692,908,0.762,3,3,3,18,22,12
147,Toronto Raptors,2014-15,Home,27,14,0.659,775,983,0.788,12,12,12,6,12,4
148,Utah Jazz,2014-15,Home,21,20,0.512,682,961,0.71,18,18,18,21,14,28
149,Washington Wizards,2014-15,Home,29,12,0.707,705,932,0.756,9,9,9,15,18,14
150,Atlanta Hawks,2014-15,Road,25,16,0.61,678,880,0.77,4,4,4,14,18,8
151,Boston Celtics,2014-15,Road,19,22,0.463,649,869,0.747,11,11,11,23,21,19
152,Brooklyn Nets,2014-15,Road,19,22,0.463,662,875,0.757,11,11,11,18,20,14
153,Charlotte Hornets,2014-15,Road,14,27,0.341,691,907,0.762,22,22,22,13,14,13
154,Chicago Bulls,2014-15,Road,23,18,0.561,801,1031,0.777,6,6,6,4,4,6
155,Cleveland Cavaliers,2014-15,Road,22,19,0.537,752,994,0.757,8,8,8,6,7,15
156,Dallas Mavericks,2014-15,Road,23,18,0.561,632,841,0.751,6,6,6,24,26,18
157,Denver Nuggets,2014-15,Road,11,30,0.268,653,905,0.722,25,25,25,22,15,25
158,Detroit Pistons,2014-15,Road,14,27,0.341,605,860,0.703,22,22,22,27,23,29
159,Golden State Warriors,2014-15,Road,28,13,0.683,657,859,0.765,1,1,1,19,24,10
160,Houston Rockets,2014-15,Road,26,15,0.634,761,1057,0.72,2,2,2,5,3,26
161,Indiana Pacers,2014-15,Road,15,26,0.366,702,898,0.782,21,21,21,10,16,4
162,Los Angeles Clippers,2014-15,Road,26,15,0.634,700,987,0.709,2,2,2,11,8,28
163,Los Angeles Lakers,2014-15,Road,9,32,0.22,698,914,0.764,27,27,27,12,12,11
164,Memphis Grizzlies,2014-15,Road,24,17,0.585,709,939,0.755,5,5,5,8,11,17
165,Miami Heat,2014-15,Road,17,24,0.415,667,914,0.73,15,15,15,17,12,22
166,Milwaukee Bucks,2014-15,Road,18,23,0.439,657,887,0.741,14,14,14,19,17,20
167,Minnesota Timberwolves,2014-15,Road,7,34,0.171,832,1068,0.779,28,28,28,2,2,5
168,New Orleans Pelicans,2014-15,Road,17,24,0.415,656,868,0.756,15,15,15,21,22,16
169,New York Knicks,2014-15,Road,7,34,0.171,631,818,0.771,28,28,28,25,28,7
170,Oklahoma City Thunder,2014-15,Road,16,25,0.39,729,1006,0.725,20,20,20,7,6,24
171,Orlando Magic,2014-15,Road,12,29,0.293,537,752,0.714,24,24,24,30,29,27
172,Philadelphia 76ers,2014-15,Road,6,35,0.146,613,946,0.648,30,30,30,26,10,30
173,Phoenix Suns,2014-15,Road,17,24,0.415,673,877,0.767,15,15,15,16,19,9
174,Portland Trail Blazers,2014-15,Road,19,22,0.463,601,750,0.801,11,11,11,28,30,1
175,Sacramento Kings,2014-15,Road,11,30,0.268,949,1243,0.763,25,25,25,1,1,12
176,San Antonio Spurs,2014-15,Road,22,19,0.537,676,846,0.799,8,8,8,15,25,2
177,Toronto Raptors,2014-15,Road,22,19,0.537,810,1031,0.786,8,8,8,3,4,3
178,Utah Jazz,2014-15,Road,17,24,0.415,709,968,0.732,15,15,15,8,9,21
179,Washington Wizards,2014-15,Road,17,24,0.415,600,826,0.726,15,15,15,29,27,23
180,Atlanta Hawks,2015-16,Home,27,14,0.659,577,734,0.786,11,11,11,30,30,6
181,Boston Celtics,2015-16,Home,28,13,0.683,775,987,0.785,8,8,8,11,14,7
182,Brooklyn Nets,2015-16,Home,14,27,0.341,621,827,0.751,26,26,26,29,29,20
183,Charlotte Hornets,2015-16,Home,30,11,0.732,815,1031,0.79,6,6,6,5,10,5
184,Chicago Bulls,2015-16,Home,26,15,0.634,683,872,0.783,12,12,12,24,25,10
185,Cleveland Cavaliers,2015-16,Home,33,8,0.805,683,903,0.756,3,3,3,24,23,16
186,Dallas Mavericks,2015-16,Home,23,18,0.561,780,957,0.815,17,17,17,10,19,2
187,Denver Nuggets,2015-16,Home,18,23,0.439,853,1103,0.773,23,23,23,4,4,13
188,Detroit Pistons,2015-16,Home,26,15,0.634,744,1065,0.699,12,12,12,13,7,28
189,Golden State Warriors,2015-16,Home,39,2,0.951,700,894,0.783,2,2,2,23,24,11
190,Houston Rockets,2015-16,Home,23,18,0.561,814,1165,0.699,17,17,17,6,1,27
191,Indiana Pacers,2015-16,Home,26,15,0.634,717,948,0.756,12,12,12,18,20,17
192,LA Clippers,2015-16,Home,29,12,0.707,735,1062,0.692,7,7,7,15,8,29
193,Los Angeles Lakers,2015-16,Home,12,29,0.293,803,1023,0.785,29,29,29,7,11,8
194,Memphis Grizzlies,2015-16,Home,26,15,0.634,862,1086,0.794,12,12,12,3,6,4
195,Miami Heat,2015-16,Home,28,13,0.683,767,1035,0.741,8,8,8,12,9,23
196,Milwaukee Bucks,2015-16,Home,23,18,0.561,729,975,0.748,17,17,17,17,15,22
197,Minnesota Timberwolves,2015-16,Home,14,27,0.341,899,1146,0.784,26,26,26,1,3,9
198,New Orleans Pelicans,2015-16,Home,21,20,0.512,715,922,0.775,22,22,22,19,22,12
199,New York Knicks,2015-16,Home,18,23,0.439,703,851,0.826,23,23,23,22,27,1
200,Oklahoma City Thunder,2015-16,Home,32,9,0.78,784,1017,0.771,4,4,4,9,12,15
201,Orlando Magic,2015-16,Home,23,18,0.561,650,864,0.752,17,17,17,27,26,19
202,Philadelphia 76ers,2015-16,Home,7,34,0.171,647,959,0.675,30,30,30,28,18,30
203,Phoenix Suns,2015-16,Home,14,27,0.341,730,974,0.749,26,26,26,16,16,21
204,Portland Trail Blazers,2015-16,Home,28,13,0.683,705,935,0.754,8,8,8,21,21,18
205,Sacramento Kings,2015-16,Home,18,23,0.439,796,1094,0.728,23,23,23,8,5,26
206,San Antonio Spurs,2015-16,Home,40,1,0.976,682,850,0.802,1,1,1,26,28,3
207,Toronto Raptors,2015-16,Home,32,9,0.78,887,1150,0.771,4,4,4,2,2,14
208,Utah Jazz,2015-16,Home,24,17,0.585,743,1013,0.733,16,16,16,14,13,25
209,Washington Wizards,2015-16,Home,22,19,0.537,714,968,0.738,21,21,21,20,17,24
210,Atlanta Hawks,2015-16,Road,21,20,0.512,705,904,0.78,7,7,7,14,15,9
211,Boston Celtics,2015-16,Road,20,21,0.488,745,942,0.791,8,8,8,7,10,5
212,Brooklyn Nets,2015-16,Road,7,34,0.171,665,872,0.763,28,28,28,20,24,16
213,Charlotte Hornets,2015-16,Road,18,23,0.439,719,910,0.79,13,13,13,9,14,6
214,Chicago Bulls,2015-16,Road,16,25,0.39,671,848,0.791,16,16,16,18,28,4
215,Cleveland Cavaliers,2015-16,Road,24,17,0.585,650,880,0.739,3,3,3,26,22,24
216,Dallas Mavericks,2015-16,Road,19,22,0.463,674,874,0.771,10,10,10,17,23,13
217,Denver Nuggets,2015-16,Road,15,26,0.366,660,871,0.758,20,20,20,22,26,17
218,Detroit Pistons,2015-16,Road,18,23,0.439,655,1030,0.636,13,13,13,25,6,30
219,Golden State Warriors,2015-16,Road,34,7,0.829,666,896,0.743,1,1,1,19,18,23
220,Houston Rockets,2015-16,Road,18,23,0.439,857,1242,0.69,13,13,13,1,1,29
221,Indiana Pacers,2015-16,Road,19,22,0.463,713,924,0.772,10,10,10,12,13,12
222,LA Clippers,2015-16,Road,24,17,0.585,755,1090,0.693,3,3,3,6,2,28
223,Los Angeles Lakers,2015-16,Road,5,36,0.122,780,1005,0.776,29,29,29,5,7,11
224,Memphis Grizzlies,2015-16,Road,16,25,0.39,722,938,0.77,16,16,16,8,11,14
225,Miami Heat,2015-16,Road,20,21,0.488,639,854,0.748,8,8,8,27,27,21
226,Milwaukee Bucks,2015-16,Road,10,31,0.244,663,888,0.747,25,25,25,21,20,22
227,Minnesota Timberwolves,2015-16,Road,15,26,0.366,854,1067,0.8,20,20,20,2,3,2
228,New Orleans Pelicans,2015-16,Road,9,32,0.22,700,901,0.777,26,26,26,16,17,10
229,New York Knicks,2015-16,Road,14,27,0.341,708,902,0.785,23,23,23,13,16,7
230,Oklahoma City Thunder,2015-16,Road,23,18,0.561,832,1050,0.792,6,6,6,3,4,3
231,Orlando Magic,2015-16,Road,12,29,0.293,599,785,0.763,24,24,24,30,30,15
232,Philadelphia 76ers,2015-16,Road,3,38,0.073,637,891,0.715,30,30,30,28,19,27
233,Phoenix Suns,2015-16,Road,9,32,0.22,701,931,0.753,26,26,26,15,12,20
234,Portland Trail Blazers,2015-16,Road,16,25,0.39,719,954,0.754,16,16,16,9,9,19
235,Sacramento Kings,2015-16,Road,15,26,0.366,718,995,0.722,20,20,20,11,8,25
236,San Antonio Spurs,2015-16,Road,27,14,0.659,660,822,0.803,2,2,2,22,29,1
237,Toronto Raptors,2015-16,Road,24,17,0.585,815,1040,0.784,3,3,3,4,5,8
238,Utah Jazz,2015-16,Road,16,25,0.39,659,872,0.756,16,16,16,24,24,18
239,Washington Wizards,2015-16,Road,19,22,0.463,635,881,0.721,10,10,10,29,21,26
240,Atlanta Hawks,2016-17,Home,23,18,0.561,780,1074,0.726,16,16,16,11,5,28
241,Boston Celtics,2016-17,Home,30,11,0.732,768,946,0.812,4,4,4,13,18,2
242,Brooklyn Nets,2016-17,Home,13,28,0.317,777,989,0.786,30,30,30,12,11,13
243,Charlotte Hornets,2016-17,Home,22,19,0.537,833,1046,0.796,19,19,19,4,7,8
244,Chicago Bulls,2016-17,Home,25,16,0.61,782,967,0.809,12,12,12,10,16,4
245,Cleveland Cavaliers,2016-17,Home,31,10,0.756,713,976,0.731,2,2,2,22,15,27
246,Dallas Mavericks,2016-17,Home,21,20,0.512,668,813,0.822,21,21,21,27,29,1
247,Denver Nuggets,2016-17,Home,22,19,0.537,765,1001,0.764,19,19,19,15,9,19
248,Detroit Pistons,2016-17,Home,24,17,0.585,570,809,0.705,14,14,14,30,30,29
249,Golden State Warriors,2016-17,Home,36,5,0.878,687,890,0.772,1,1,1,25,26,17
250,Houston Rockets,2016-17,Home,30,11,0.732,861,1140,0.755,4,4,4,2,1,21
251,Indiana Pacers,2016-17,Home,29,12,0.707,717,885,0.81,7,7,7,20,27,3
252,LA Clippers,2016-17,Home,29,12,0.707,816,1085,0.752,7,7,7,5,2,23
253,Los Angeles Lakers,2016-17,Home,17,24,0.415,709,942,0.753,25,25,25,24,20,22
254,Memphis Grizzlies,2016-17,Home,24,17,0.585,784,997,0.786,14,14,14,7,10,12
255,Miami Heat,2016-17,Home,23,18,0.561,650,941,0.691,16,16,16,28,21,30
256,Milwaukee Bucks,2016-17,Home,23,18,0.561,767,978,0.784,16,16,16,14,13,14
257,Minnesota Timberwolves,2016-17,Home,20,21,0.488,813,1025,0.793,23,23,23,6,8,9
258,New Orleans Pelicans,2016-17,Home,21,20,0.512,727,946,0.768,21,21,21,16,18,18
259,New York Knicks,2016-17,Home,19,22,0.463,642,825,0.778,24,24,24,29,28,15
260,Oklahoma City Thunder,2016-17,Home,28,13,0.683,784,1059,0.74,10,10,10,7,6,26
261,Orlando Magic,2016-17,Home,16,25,0.39,682,918,0.743,28,28,28,26,22,25
262,Philadelphia 76ers,2016-17,Home,17,24,0.415,713,917,0.778,25,25,25,22,23,16
263,Phoenix Suns,2016-17,Home,15,26,0.366,856,1084,0.79,29,29,29,3,3,10
264,Portland Trail Blazers,2016-17,Home,25,16,0.61,721,949,0.76,12,12,12,19,17,20
265,Sacramento Kings,2016-17,Home,17,24,0.415,784,983,0.798,25,25,25,7,12,7
266,San Antonio Spurs,2016-17,Home,31,10,0.756,716,907,0.789,2,2,2,21,24,11
267,Toronto Raptors,2016-17,Home,28,13,0.683,871,1082,0.805,10,10,10,1,4,5
268,Utah Jazz,2016-17,Home,29,12,0.707,726,977,0.743,7,7,7,17,14,24
269,Washington Wizards,2016-17,Home,30,11,0.732,724,904,0.801,4,4,4,18,25,6
270,Atlanta Hawks,2016-17,Road,20,21,0.488,704,965,0.73,8,8,8,18,8,28
271,Boston Celtics,2016-17,Road,23,18,0.561,768,957,0.803,4,4,4,10,11,5
272,Brooklyn Nets,2016-17,Road,7,34,0.171,815,1031,0.79,30,30,30,2,5,9
273,Charlotte Hornets,2016-17,Road,14,27,0.341,758,907,0.836,19,19,19,11,19,1
274,Chicago Bulls,2016-17,Road,16,25,0.39,692,881,0.785,16,16,16,21,24,11
275,Cleveland Cavaliers,2016-17,Road,20,21,0.488,718,937,0.766,8,8,8,17,13,17
276,Dallas Mavericks,2016-17,Road,12,29,0.293,547,703,0.778,24,24,24,30,30,14
277,Denver Nuggets,2016-17,Road,18,23,0.439,772,985,0.784,14,14,14,7,7,12
278,Detroit Pistons,2016-17,Road,13,28,0.317,570,777,0.734,20,20,20,29,29,27
279,Golden State Warriors,2016-17,Road,31,10,0.756,770,960,0.802,1,1,1,8,10,6
280,Houston Rockets,2016-17,Road,25,16,0.61,806,1037,0.777,3,3,3,3,4,15
281,Indiana Pacers,2016-17,Road,13,28,0.317,750,926,0.81,20,20,20,12,15,2
282,LA Clippers,2016-17,Road,22,19,0.537,770,1043,0.738,6,6,6,8,3,26
283,Los Angeles Lakers,2016-17,Road,9,32,0.22,688,911,0.755,28,28,28,22,17,20
284,Memphis Grizzlies,2016-17,Road,19,22,0.463,720,921,0.782,10,10,10,16,16,13
285,Miami Heat,2016-17,Road,18,23,0.439,598,827,0.723,14,14,14,28,28,30
286,Milwaukee Bucks,2016-17,Road,19,22,0.463,646,861,0.75,10,10,10,25,26,25
287,Minnesota Timberwolves,2016-17,Road,11,30,0.268,773,961,0.804,26,26,26,6,9,4
288,New Orleans Pelicans,2016-17,Road,13,28,0.317,641,879,0.729,20,20,20,26,25,29
289,New York Knicks,2016-17,Road,12,29,0.293,722,906,0.797,24,24,24,15,20,8
290,Oklahoma City Thunder,2016-17,Road,19,22,0.463,791,1054,0.75,10,10,10,5,2,24
291,Orlando Magic,2016-17,Road,13,28,0.317,627,835,0.751,20,20,20,27,27,23
292,Philadelphia 76ers,2016-17,Road,11,30,0.268,680,889,0.765,26,26,26,23,23,18
293,Phoenix Suns,2016-17,Road,9,32,0.22,820,1075,0.763,28,28,28,1,1,19
294,Portland Trail Blazers,2016-17,Road,16,25,0.39,792,991,0.799,16,16,16,4,6,7
295,Sacramento Kings,2016-17,Road,15,26,0.366,699,930,0.752,18,18,18,19,14,22
296,San Antonio Spurs,2016-17,Road,30,11,0.732,724,899,0.805,2,2,2,14,21,3
297,Toronto Raptors,2016-17,Road,23,18,0.561,744,946,0.786,4,4,4,13,12,10
298,Utah Jazz,2016-17,Road,22,19,0.537,675,898,0.752,6,6,6,24,22,21
299,Washington Wizards,2016-17,Road,19,22,0.463,697,908,0.768,10,10,10,20,18,16
300,Atlanta Hawks,2017-18,Home,16,25,0.39,666,846,0.787,25,25,25,18,20,7
301,Boston Celtics,2017-18,Home,27,14,0.659,646,844,0.765,11,11,11,22,21,18
302,Brooklyn Nets,2017-18,Home,15,26,0.366,729,945,0.771,27,27,27,9,10,12
303,Charlotte Hornets,2017-18,Home,21,20,0.512,857,1131,0.758,20,20,20,1,1,21
304,Chicago Bulls,2017-18,Home,17,24,0.415,566,736,0.769,23,23,23,29,29,14
305,Cleveland Cavaliers,2017-18,Home,29,12,0.707,743,968,0.768,7,7,7,8,9,17
306,Dallas Mavericks,2017-18,Home,15,26,0.366,634,824,0.769,27,27,27,24,23,13
307,Denver Nuggets,2017-18,Home,31,10,0.756,744,983,0.757,4,4,4,7,7,22
308,Detroit Pistons,2017-18,Home,25,16,0.61,633,855,0.74,15,15,15,25,19,27
309,Golden State Warriors,2017-18,Home,29,12,0.707,644,775,0.831,7,7,7,23,28,1
310,Houston Rockets,2017-18,Home,34,7,0.829,840,1093,0.769,1,1,1,2,2,15
311,Indiana Pacers,2017-18,Home,27,14,0.659,618,819,0.755,11,11,11,27,24,24
312,LA Clippers,2017-18,Home,22,19,0.537,808,1088,0.743,19,19,19,3,3,26
313,Los Angeles Lakers,2017-18,Home,20,21,0.488,657,914,0.719,21,21,21,19,12,30
314,Memphis Grizzlies,2017-18,Home,16,25,0.39,697,901,0.774,25,25,25,13,13,10
315,Miami Heat,2017-18,Home,26,15,0.634,609,801,0.76,14,14,14,28,27,19
316,Milwaukee Bucks,2017-18,Home,25,16,0.61,791,1006,0.786,15,15,15,5,5,8
317,Minnesota Timberwolves,2017-18,Home,30,11,0.732,792,999,0.793,5,5,5,4,6,4
318,New Orleans Pelicans,2017-18,Home,24,17,0.585,685,867,0.79,17,17,17,15,17,6
319,New York Knicks,2017-18,Home,19,22,0.463,620,802,0.773,22,22,22,26,26,11
320,Oklahoma City Thunder,2017-18,Home,27,14,0.659,751,1035,0.726,11,11,11,6,4,29
321,Orlando Magic,2017-18,Home,17,24,0.415,657,871,0.754,23,23,23,19,16,25
322,Philadelphia 76ers,2017-18,Home,30,11,0.732,673,890,0.756,5,5,5,17,15,23
323,Phoenix Suns,2017-18,Home,10,31,0.244,711,978,0.727,30,30,30,10,8,28
324,Portland Trail Blazers,2017-18,Home,28,13,0.683,687,842,0.816,9,9,9,14,22,2
325,Sacramento Kings,2017-18,Home,14,27,0.341,519,683,0.76,29,29,29,30,30,20
326,San Antonio Spurs,2017-18,Home,33,8,0.805,649,817,0.794,3,3,3,21,25,3
327,Toronto Raptors,2017-18,Home,34,7,0.829,678,858,0.79,1,1,1,16,18,5
328,Utah Jazz,2017-18,Home,28,13,0.683,704,917,0.768,9,9,9,11,11,16
329,Washington Wizards,2017-18,Home,23,18,0.561,702,901,0.779,18,18,18,12,13,9
330,Atlanta Hawks,2017-18,Road,8,33,0.195,632,808,0.782,28,28,28,22,23,11
331,Boston Celtics,2017-18,Road,28,13,0.683,662,853,0.776,3,3,3,19,17,14
332,Brooklyn Nets,2017-18,Road,13,28,0.317,699,905,0.772,22,22,22,12,12,15
333,Charlotte Hornets,2017-18,Road,15,26,0.366,799,1085,0.736,17,17,17,2,1,27
334,Chicago Bulls,2017-18,Road,10,31,0.244,628,838,0.749,25,25,25,23,21,23
335,Cleveland Cavaliers,2017-18,Road,21,20,0.512,745,941,0.792,7,7,7,5,9,8
336,Dallas Mavericks,2017-18,Road,9,32,0.22,533,706,0.755,27,27,27,29,29,18
337,Denver Nuggets,2017-18,Road,15,26,0.366,660,847,0.779,17,17,17,20,20,12
338,Detroit Pistons,2017-18,Road,14,27,0.341,574,766,0.749,20,20,20,28,26,24
339,Golden State Warriors,2017-18,Road,29,12,0.707,716,893,0.802,2,2,2,9,14,3
340,Houston Rockets,2017-18,Road,31,10,0.756,769,968,0.794,1,1,1,3,7,7
341,Indiana Pacers,2017-18,Road,21,20,0.512,607,754,0.805,7,7,7,25,28,2
342,LA Clippers,2017-18,Road,20,21,0.488,748,1007,0.743,11,11,11,4,2,26
343,Los Angeles Lakers,2017-18,Road,15,26,0.366,707,996,0.71,17,17,17,11,3,29
344,Memphis Grizzlies,2017-18,Road,6,35,0.146,664,831,0.799,30,30,30,18,22,5
345,Miami Heat,2017-18,Road,18,23,0.439,600,800,0.75,15,15,15,27,25,22
346,Milwaukee Bucks,2017-18,Road,19,22,0.463,708,909,0.779,14,14,14,10,11,13
347,Minnesota Timberwolves,2017-18,Road,17,24,0.415,800,981,0.815,16,16,16,1,5,1
348,New Orleans Pelicans,2017-18,Road,24,17,0.585,639,849,0.753,5,5,5,21,18,20
349,New York Knicks,2017-18,Road,10,31,0.244,605,755,0.801,25,25,25,26,27,4
350,Oklahoma City Thunder,2017-18,Road,21,20,0.512,670,950,0.705,7,7,7,17,8,30
351,Orlando Magic,2017-18,Road,8,33,0.195,614,807,0.761,28,28,28,24,24,17
352,Philadelphia 76ers,2017-18,Road,22,19,0.537,732,978,0.748,6,6,6,8,6,25
353,Phoenix Suns,2017-18,Road,11,30,0.268,742,984,0.754,24,24,24,7,4,19
354,Portland Trail Blazers,2017-18,Road,21,20,0.512,685,873,0.785,7,7,7,13,16,10
355,Sacramento Kings,2017-18,Road,13,28,0.317,489,688,0.711,22,22,22,30,30,28
356,San Antonio Spurs,2017-18,Road,14,27,0.341,675,898,0.752,20,20,20,15,13,21
357,Toronto Raptors,2017-18,Road,25,16,0.61,744,932,0.798,4,4,4,6,10,6
358,Utah Jazz,2017-18,Road,20,21,0.488,671,849,0.79,11,11,11,16,18,9
359,Washington Wizards,2017-18,Road,20,21,0.488,676,885,0.764,11,11,11,14,15,16
360,Atlanta Hawks,2018-19,Home,17,23,0.425,717,940,0.763,26,26,26,12,12,19
361,Boston Celtics,2018-19,Home,28,12,0.7,625,777,0.804,9,10,10,27,30,3
362,Brooklyn Nets,2018-19,Home,22,18,0.55,770,1028,0.749,20,22,22,5,5,23
363,Charlotte Hornets,2018-19,Home,24,15,0.615,757,943,0.803,15,16,16,7,11,4
364,Chicago Bulls,2018-19,Home,9,30,0.231,611,780,0.783,29,29,29,29,29,13
365,Cleveland Cavaliers,2018-19,Home,13,26,0.333,637,796,0.8,27,27,27,26,26,5
366,Dallas Mavericks,2018-19,Home,23,16,0.59,786,1058,0.743,18,17,18,4,3,24
367,Denver Nuggets,2018-19,Home,32,7,0.821,643,841,0.765,1,2,2,23,24,17
368,Detroit Pistons,2018-19,Home,25,14,0.641,691,936,0.738,12,12,12,17,13,25
369,Golden State Warriors,2018-19,Home,28,11,0.718,654,822,0.796,9,9,9,22,25,7
370,Houston Rockets,2018-19,Home,29,10,0.744,831,1048,0.793,7,7,7,3,4,9
371,Indiana Pacers,2018-19,Home,29,10,0.744,599,793,0.755,7,7,7,30,28,22
372,LA Clippers,2018-19,Home,25,14,0.641,854,1075,0.794,12,12,12,2,2,8
373,Los Angeles Lakers,2018-19,Home,21,17,0.553,640,921,0.695,22,20,21,24,18,29
374,Memphis Grizzlies,2018-19,Home,20,19,0.513,710,929,0.764,23,23,23,13,15,18
375,Miami Heat,2018-19,Home,18,22,0.45,638,924,0.69,25,25,25,25,17,30
376,Milwaukee Bucks,2018-19,Home,32,6,0.842,680,874,0.778,1,1,1,19,20,14
377,Minnesota Timberwolves,2018-19,Home,24,14,0.632,762,970,0.786,15,12,15,6,9,11
378,New Orleans Pelicans,2018-19,Home,19,21,0.475,726,944,0.769,24,24,24,11,10,16
379,New York Knicks,2018-19,Home,8,31,0.205,708,932,0.76,30,30,30,15,14,20
380,Oklahoma City Thunder,2018-19,Home,25,14,0.641,710,1000,0.71,12,12,12,13,6,28
381,Orlando Magic,2018-19,Home,24,16,0.6,624,795,0.785,15,17,17,28,27,12
382,Philadelphia 76ers,2018-19,Home,30,9,0.769,893,1127,0.792,5,3,5,1,1,10
383,Phoenix Suns,2018-19,Home,11,29,0.275,672,869,0.773,28,28,28,20,21,15
384,Portland Trail Blazers,2018-19,Home,30,9,0.769,747,927,0.806,5,3,5,8,16,2
385,Sacramento Kings,2018-19,Home,23,16,0.59,664,914,0.726,18,17,18,21,19,27
386,San Antonio Spurs,2018-19,Home,31,9,0.775,698,852,0.819,3,3,3,16,23,1
387,Toronto Raptors,2018-19,Home,31,9,0.775,687,861,0.798,3,3,3,18,22,6
388,Utah Jazz,2018-19,Home,27,12,0.692,737,1000,0.737,11,10,11,10,6,26
389,Washington Wizards,2018-19,Home,22,17,0.564,745,981,0.759,20,20,20,9,8,21
390,Atlanta Hawks,2018-19,Road,12,27,0.308,664,890,0.746,22,21,22,19,16,23
391,Boston Celtics,2018-19,Road,19,20,0.487,620,768,0.807,11,11,11,27,29,4
392,Brooklyn Nets,2018-19,Road,17,22,0.436,744,1008,0.738,14,13,14,4,3,25
393,Charlotte Hornets,2018-19,Road,12,27,0.308,687,871,0.789,22,21,22,15,19,9
394,Chicago Bulls,2018-19,Road,13,27,0.325,676,856,0.79,20,21,21,17,23,7
395,Cleveland Cavaliers,2018-19,Road,6,33,0.154,653,831,0.786,30,30,30,21,24,11
396,Dallas Mavericks,2018-19,Road,8,31,0.205,684,924,0.74,27,27,27,16,9,24
397,Denver Nuggets,2018-19,Road,20,19,0.513,589,785,0.75,7,8,8,28,28,20
398,Detroit Pistons,2018-19,Road,14,25,0.359,647,863,0.75,17,17,17,23,22,21
399,Golden State Warriors,2018-19,Road,25,13,0.658,634,787,0.806,2,1,1,26,27,5
400,Houston Rockets,2018-19,Road,22,18,0.55,706,895,0.789,4,4,4,11,14,8
401,Indiana Pacers,2018-19,Road,18,22,0.45,651,869,0.749,13,13,13,22,21,22
402,LA Clippers,2018-19,Road,22,18,0.55,931,1175,0.792,4,4,4,1,1,6
403,Los Angeles Lakers,2018-19,Road,14,26,0.35,641,910,0.704,17,19,19,24,13,29
404,Memphis Grizzlies,2018-19,Road,11,28,0.282,673,870,0.774,24,24,24,18,20,14
405,Miami Heat,2018-19,Road,20,18,0.526,550,789,0.697,7,4,7,30,26,30
406,Milwaukee Bucks,2018-19,Road,26,14,0.65,704,911,0.773,1,2,2,12,12,16
407,Minnesota Timberwolves,2018-19,Road,11,29,0.275,752,955,0.787,24,25,25,3,6,10
408,New Orleans Pelicans,2018-19,Road,13,26,0.333,700,928,0.754,20,19,20,13,8,19
409,New York Knicks,2018-19,Road,7,32,0.179,720,940,0.766,28,28,28,7,7,17
410,Oklahoma City Thunder,2018-19,Road,20,19,0.513,690,968,0.713,7,8,8,14,5,28
411,Orlando Magic,2018-19,Road,15,24,0.385,551,713,0.773,15,15,15,29,30,15
412,Philadelphia 76ers,2018-19,Road,19,20,0.487,797,1056,0.755,11,11,11,2,2,18
413,Phoenix Suns,2018-19,Road,7,32,0.179,722,919,0.786,28,28,28,6,11,12
414,Portland Trail Blazers,2018-19,Road,20,19,0.513,736,894,0.823,7,8,8,5,15,1
415,Sacramento Kings,2018-19,Road,15,24,0.385,640,883,0.725,15,15,15,25,17,27
416,San Antonio Spurs,2018-19,Road,14,25,0.359,661,808,0.818,17,17,17,20,25,2
417,Toronto Raptors,2018-19,Road,25,14,0.641,711,878,0.81,2,2,3,10,18,3
418,Utah Jazz,2018-19,Road,21,18,0.538,712,972,0.733,6,4,6,9,4,26
419,Washington Wizards,2018-19,Road,10,30,0.25,716,924,0.775,26,26,26,8,9,13
